Site,Bucket,Tree.,Location,Treatment,Week,Leaves.In,Leaves.out,ramorum.positive
1,B1,18025,EC,Treated,1,21-10-19,21-10-26,0
1,B2,18025,EC,Treated,1,21-10-19,21-10-26,0
1,B3,18025,EC,Treated,1,21-10-19,21-10-26,0
1,B1,18025,EC,Treated,2,21-10-26,21-11-4,0
1,B2,18025,EC,Treated,2,21-10-26,21-11-4,0
1,B3,18025,EC,Treated,2,21-10-26,21-11-4,0
1,B1,18025,EC,Treated,3,21-11-4,21-11-10,0
1,B2,18025,EC,Treated,3,21-11-4,21-11-10,0
1,B3,18025,EC,Treated,3,21-11-4,21-11-10,0
1,B1,18025,EC,Treated,4,21-11-10,21-11-17,0
1,B2,18025,EC,Treated,4,21-11-10,21-11-17,0
1,B3,18025,EC,Treated,4,21-11-10,21-11-17,0
1,B1,18025,EC,Treated,5,21-11-17,21-11-30,0
1,B2,18025,EC,Treated,5,21-11-17,21-11-30,0
1,B3,18025,EC,Treated,5,21-11-17,21-11-30,0
1,B1,18025,EC,Treated,6,21-11-30,21-12-7,0
1,B2,18025,EC,Treated,6,21-11-30,21-12-7,0
1,B3,18025,EC,Treated,6,21-11-30,21-12-7,0
1,B1,18025,EC,Treated,7,21-12-7,21-12-15,0
1,B2,18025,EC,Treated,7,21-12-7,21-12-15,0
1,B3,18025,EC,Treated,7,21-12-7,21-12-15,0
1,B1,18025,EC,Treated,8,21-12-15,21-12-21,0
1,B2,18025,EC,Treated,8,21-12-15,21-12-21,0
1,B3,18025,EC,Treated,8,21-12-15,21-12-21,0
1,B1,18025,EC,Treated,9,21-12-21,22-1-6,0
1,B2,18025,EC,Treated,9,21-12-21,22-1-6,0
1,B3,18025,EC,Treated,9,21-12-21,22-1-6,0
1,B1,18025,EC,Treated,10,22-1-6,22-1-17,0
1,B2,18025,EC,Treated,10,22-1-6,22-1-17,0
1,B3,18025,EC,Treated,10,22-1-6,22-1-17,0
1,B1,18025,EC,Treated,11,22-1-17,22-2-2,NA
1,B2,18025,EC,Treated,11,22-1-17,22-2-2,0
1,B3,18025,EC,Treated,11,22-1-17,22-2-2,NA
1,B1,18025,EC,Treated,12,22-2-2,22-2-15,0
1,B2,18025,EC,Treated,12,22-2-2,22-2-15,0
1,B3,18025,EC,Treated,12,22-2-2,22-2-15,0
1,B1,18025,EC,Treated,13,22-2-15,22-3-1,0
1,B2,18025,EC,Treated,13,22-2-15,22-3-1,0
1,B3,18025,EC,Treated,13,22-2-15,22-3-1,0
1,B1,18025,EC,Treated,14,22-3-1,22-3-15,0
1,B2,18025,EC,Treated,14,22-3-1,22-3-15,0
1,B3,18025,EC,Treated,14,22-3-1,22-3-15,0
1,B1,18025,EC,Treated,15,22-3-15,22-3-29,0
1,B2,18025,EC,Treated,15,22-3-15,22-3-29,0
1,B3,18025,EC,Treated,15,22-3-15,22-3-29,1
1,B1,18025,EC,Treated,16,22-3-29,22-4-12,0
1,B2,18025,EC,Treated,16,22-3-29,22-4-12,0
1,B3,18025,EC,Treated,16,22-3-29,22-4-12,0
1,B1,18025,EC,Treated,17,22-4-12,22-4-26,0
1,B2,18025,EC,Treated,17,22-4-12,22-4-26,0
1,B3,18025,EC,Treated,17,22-4-12,22-4-26,0
1,B1,18025,EC,Treated,18,22-4-26,22-5-10,NA
1,B2,18025,EC,Treated,18,22-4-26,22-5-10,0
1,B3,18025,EC,Treated,18,22-4-26,22-5-10,NA
1,B1,18025,EC,Treated,19,22-5-10,22-5-24,0
1,B2,18025,EC,Treated,19,22-5-10,22-5-24,0
1,B3,18025,EC,Treated,19,22-5-10,22-5-24,0
1,B1,18025,EC,Treated,20,22-5-24,22-6-7,0
1,B2,18025,EC,Treated,20,22-5-24,22-6-7,0
1,B3,18025,EC,Treated,20,22-5-24,22-6-7,0
1,B1,18025,EC,Treated,21,22-6-7,22-6-21,0
1,B2,18025,EC,Treated,21,22-6-7,22-6-21,0
1,B3,18025,EC,Treated,21,22-6-7,22-6-21,0
1,B1,18025,EC,Treated,22,22-7-6,22-8-1,0
1,B2,18025,EC,Treated,22,22-7-6,22-8-1,0
1,B3,18025,EC,Treated,22,22-7-6,22-8-1,0
1,B1,18025,EC,Treated,23,22-8-1,22-8-24,0
1,B2,18025,EC,Treated,23,22-8-1,22-8-24,0
1,B3,18025,EC,Treated,23,22-8-1,22-8-24,0
2,B1,18024,EC,Treated,1,21-10-19,21-10-26,0
2,B2,18024,EC,Treated,1,21-10-19,21-10-26,0
2,B3,18024,EC,Treated,1,21-10-19,21-10-26,3
2,B1,18024,EC,Treated,2,21-10-26,21-11-4,0
2,B2,18024,EC,Treated,2,21-10-26,21-11-4,0
2,B3,18024,EC,Treated,2,21-10-26,21-11-4,1
2,B1,18024,EC,Treated,3,21-11-4,21-11-10,0
2,B2,18024,EC,Treated,3,21-11-4,21-11-10,0
2,B3,18024,EC,Treated,3,21-11-4,21-11-10,3
2,B1,18024,EC,Treated,4,21-11-10,21-11-17,0
2,B2,18024,EC,Treated,4,21-11-10,21-11-17,0
2,B3,18024,EC,Treated,4,21-11-10,21-11-17,2
2,B1,18024,EC,Treated,5,21-11-17,21-11-30,0
2,B2,18024,EC,Treated,5,21-11-17,21-11-30,0
2,B3,18024,EC,Treated,5,21-11-17,21-11-30,0
2,B1,18024,EC,Treated,6,21-11-30,21-12-7,0
2,B2,18024,EC,Treated,6,21-11-30,21-12-7,0
2,B3,18024,EC,Treated,6,21-11-30,21-12-7,0
2,B1,18024,EC,Treated,7,21-12-7,21-12-15,0
2,B2,18024,EC,Treated,7,21-12-7,21-12-15,0
2,B3,18024,EC,Treated,7,21-12-7,21-12-15,1
2,B1,18024,EC,Treated,8,21-12-15,21-12-21,0
2,B2,18024,EC,Treated,8,21-12-15,21-12-21,0
2,B3,18024,EC,Treated,8,21-12-15,21-12-21,2
2,B1,18024,EC,Treated,9,21-12-21,21-1-6,0
2,B2,18024,EC,Treated,9,21-12-21,21-1-6,0
2,B3,18024,EC,Treated,9,21-12-21,21-1-6,1
2,B1,18024,EC,Treated,10,21-1-6,22-1-17,2
2,B2,18024,EC,Treated,10,21-1-6,22-1-17,0
2,B3,18024,EC,Treated,10,21-1-6,22-1-17,3
2,B1,18024,EC,Treated,11,22-1-17,22-2-2,0
2,B2,18024,EC,Treated,11,22-1-17,22-2-2,0
2,B3,18024,EC,Treated,11,22-1-17,22-2-2,0
2,B1,18024,EC,Treated,12,22-2-2,22-2-15,0
2,B2,18024,EC,Treated,12,22-2-2,22-2-15,0
2,B3,18024,EC,Treated,12,22-2-2,22-2-15,0
2,B1,18024,EC,Treated,13,22-2-15,22-3-1,0
2,B2,18024,EC,Treated,13,22-2-15,22-3-1,0
2,B3,18024,EC,Treated,13,22-2-15,22-3-1,2
2,B1,18024,EC,Treated,14,22-3-1,22-3-15,0
2,B2,18024,EC,Treated,14,22-3-1,22-3-15,0
2,B3,18024,EC,Treated,14,22-3-1,22-3-15,0
2,B1,18024,EC,Treated,15,22-3-15,22-3-29,0
2,B2,18024,EC,Treated,15,22-3-15,22-3-29,0
2,B3,18024,EC,Treated,15,22-3-15,22-3-29,2
2,B1,18024,EC,Treated,16,22-3-29,22-4-12,0
2,B2,18024,EC,Treated,16,22-3-29,22-4-12,0
2,B3,18024,EC,Treated,16,22-3-29,22-4-12,0
2,B1,18024,EC,Treated,17,22-4-12,22-4-26,0
2,B2,18024,EC,Treated,17,22-4-12,22-4-26,0
2,B3,18024,EC,Treated,17,22-4-12,22-4-26,0
2,B1,18024,EC,Treated,18,22-4-26,22-5-10,0
2,B2,18024,EC,Treated,18,22-4-26,22-5-10,2
2,B3,18024,EC,Treated,18,22-4-26,22-5-10,1
2,B1,18024,EC,Treated,19,22-5-10,22-5-24,0
2,B2,18024,EC,Treated,19,22-5-10,22-5-24,0
2,B3,18024,EC,Treated,19,22-5-10,22-5-24,0
2,B1,18024,EC,Treated,20,22-5-24,22-6-7,0
2,B2,18024,EC,Treated,20,22-5-24,22-6-7,0
2,B3,18024,EC,Treated,20,22-5-24,22-6-7,0
2,B1,18024,EC,Treated,21,22-6-7,22-6-21,0
2,B2,18024,EC,Treated,21,22-6-7,22-6-21,0
2,B3,18024,EC,Treated,21,22-6-7,22-6-21,0
2,B1,18024,EC,Treated,22,22-7-6,22-8-1,0
2,B2,18024,EC,Treated,22,22-7-6,22-8-1,0
2,B3,18024,EC,Treated,22,22-7-6,22-8-1,0
2,B1,18024,EC,Treated,23,22-8-1,22-8-24,0
2,B2,18024,EC,Treated,23,22-8-1,22-8-24,0
2,B3,18024,EC,Treated,23,22-8-1,22-8-24,0
3,B1,18023,EC,Treated,1,21-10-19,21-10-26,0
3,B2,18023,EC,Treated,1,21-10-19,21-10-26,0
3,B3,18023,EC,Treated,1,21-10-19,21-10-26,0
3,B1,18023,EC,Treated,2,21-10-26,21-11-4,0
3,B2,18023,EC,Treated,2,21-10-26,21-11-4,1
3,B3,18023,EC,Treated,2,21-10-26,21-11-4,0
3,B1,18023,EC,Treated,3,21-11-4,21-11-10,1
3,B2,18023,EC,Treated,3,21-11-4,21-11-10,1
3,B3,18023,EC,Treated,3,21-11-4,21-11-10,1
3,B1,18023,EC,Treated,4,21-11-10,21-11-17,0
3,B2,18023,EC,Treated,4,21-11-10,21-11-17,0
3,B3,18023,EC,Treated,4,21-11-10,21-11-17,0
3,B1,18023,EC,Treated,5,21-11-17,21-11-30,0
3,B2,18023,EC,Treated,5,21-11-17,21-11-30,0
3,B3,18023,EC,Treated,5,21-11-17,21-11-30,0
3,B1,18023,EC,Treated,6,21-11-30,21-12-7,0
3,B2,18023,EC,Treated,6,21-11-30,21-12-7,0
3,B3,18023,EC,Treated,6,21-11-30,21-12-7,0
3,B1,18023,EC,Treated,7,21-12-7,21-12-15,2
3,B2,18023,EC,Treated,7,21-12-7,21-12-15,0
3,B3,18023,EC,Treated,7,21-12-7,21-12-15,0
3,B1,18023,EC,Treated,8,21-12-15,21-12-21,1
3,B2,18023,EC,Treated,8,21-12-15,21-12-21,2
3,B3,18023,EC,Treated,8,21-12-15,21-12-21,3
3,B1,18023,EC,Treated,9,21-12-21,21-1-6,1
3,B2,18023,EC,Treated,9,21-12-21,21-1-6,3
3,B3,18023,EC,Treated,9,21-12-21,21-1-6,3
3,B1,18023,EC,Treated,10,21-1-6,22-1-17,0
3,B2,18023,EC,Treated,10,21-1-6,22-1-17,3
3,B3,18023,EC,Treated,10,21-1-6,22-1-17,3
3,B1,18023,EC,Treated,11,22-1-17,22-2-2,0
3,B2,18023,EC,Treated,11,22-1-17,22-2-2,0
3,B3,18023,EC,Treated,11,22-1-17,22-2-2,0
3,B1,18023,EC,Treated,12,22-2-2,22-2-15,0
3,B2,18023,EC,Treated,12,22-2-2,22-2-15,0
3,B3,18023,EC,Treated,12,22-2-2,22-2-15,0
3,B1,18023,EC,Treated,13,22-2-15,22-3-1,0
3,B2,18023,EC,Treated,13,22-2-15,22-3-1,2
3,B3,18023,EC,Treated,13,22-2-15,22-3-1,2
3,B1,18023,EC,Treated,14,22-3-1,22-3-15,0
3,B2,18023,EC,Treated,14,22-3-1,22-3-15,0
3,B3,18023,EC,Treated,14,22-3-1,22-3-15,0
3,B1,18023,EC,Treated,15,22-3-15,22-3-29,2
3,B2,18023,EC,Treated,15,22-3-15,22-3-29,3
3,B3,18023,EC,Treated,15,22-3-15,22-3-29,3
3,B1,18023,EC,Treated,16,22-3-29,22-4-12,1
3,B2,18023,EC,Treated,16,22-3-29,22-4-12,3
3,B3,18023,EC,Treated,16,22-3-29,22-4-12,2
3,B1,18023,EC,Treated,17,22-4-12,22-4-26,2
3,B2,18023,EC,Treated,17,22-4-12,22-4-26,3
3,B3,18023,EC,Treated,17,22-4-12,22-4-26,0
3,B1,18023,EC,Treated,18,22-4-26,22-5-10,3
3,B2,18023,EC,Treated,18,22-4-26,22-5-10,3
3,B3,18023,EC,Treated,18,22-4-26,22-5-10,1
3,B1,18023,EC,Treated,19,22-5-10,22-5-24,3
3,B2,18023,EC,Treated,19,22-5-10,22-5-24,3
3,B3,18023,EC,Treated,19,22-5-10,22-5-24,3
3,B1,18023,EC,Treated,20,22-5-24,22-6-7,2
3,B2,18023,EC,Treated,20,22-5-24,22-6-7,1
3,B3,18023,EC,Treated,20,22-5-24,22-6-7,2
3,B1,18023,EC,Treated,21,22-6-7,22-6-21,3
3,B2,18023,EC,Treated,21,22-6-7,22-6-21,3
3,B3,18023,EC,Treated,21,22-6-7,22-6-21,3
3,B1,18023,EC,Treated,22,22-7-6,22-8-1,3
3,B2,18023,EC,Treated,22,22-7-6,22-8-1,3
3,B3,18023,EC,Treated,22,22-7-6,22-8-1,0
3,B1,18023,EC,Treated,23,22-8-1,22-8-24,3
3,B2,18023,EC,Treated,23,22-8-1,22-8-24,3
3,B3,18023,EC,Treated,23,22-8-1,22-8-24,0
4,B1,18020,EC,Untreated,1,21-10-19,21-10-26,0
4,B2,18020,EC,Untreated,1,21-10-19,21-10-26,1
4,B3,18020,EC,Untreated,1,21-10-19,21-10-26,3
4,B1,18020,EC,Untreated,2,21-10-26,21-11-4,0
4,B2,18020,EC,Untreated,2,21-10-26,21-11-4,0
4,B3,18020,EC,Untreated,2,21-10-26,21-11-4,3
4,B1,18020,EC,Untreated,3,21-11-4,21-11-10,0
4,B2,18020,EC,Untreated,3,21-11-4,21-11-10,0
4,B3,18020,EC,Untreated,3,21-11-4,21-11-10,3
4,B1,18020,EC,Untreated,4,21-11-10,21-11-17,0
4,B2,18020,EC,Untreated,4,21-11-10,21-11-17,0
4,B3,18020,EC,Untreated,4,21-11-10,21-11-17,0
4,B1,18020,EC,Untreated,5,21-11-17,21-11-30,0
4,B2,18020,EC,Untreated,5,21-11-17,21-11-30,0
4,B3,18020,EC,Untreated,5,21-11-17,21-11-30,0
4,B1,18020,EC,Untreated,6,21-11-30,21-12-7,0
4,B2,18020,EC,Untreated,6,21-11-30,21-12-7,0
4,B3,18020,EC,Untreated,6,21-11-30,21-12-7,0
4,B1,18020,EC,Untreated,7,21-12-7,21-12-14,0
4,B2,18020,EC,Untreated,7,21-12-7,21-12-14,0
4,B3,18020,EC,Untreated,7,21-12-7,21-12-14,0
4,B1,18020,EC,Untreated,8,21-12-14,21-12-20,0
4,B2,18020,EC,Untreated,8,21-12-14,21-12-20,1
4,B3,18020,EC,Untreated,8,21-12-14,21-12-20,0
4,B1,18020,EC,Untreated,9,21-12-20,21-1-6,0
4,B2,18020,EC,Untreated,9,21-12-20,21-1-6,1
4,B3,18020,EC,Untreated,9,21-12-20,21-1-6,0
4,B1,18020,EC,Untreated,10,21-1-6,22-1-17,0
4,B2,18020,EC,Untreated,10,21-1-6,22-1-17,0
4,B3,18020,EC,Untreated,10,21-1-6,22-1-17,1
4,B1,18020,EC,Untreated,11,22-1-17,22-2-2,0
4,B2,18020,EC,Untreated,11,22-1-17,22-2-2,0
4,B3,18020,EC,Untreated,11,22-1-17,22-2-2,0
4,B1,18020,EC,Untreated,12,22-2-2,22-2-15,0
4,B2,18020,EC,Untreated,12,22-2-2,22-2-15,0
4,B3,18020,EC,Untreated,12,22-2-2,22-2-15,0
4,B1,18020,EC,Untreated,13,22-2-15,22-3-1,0
4,B2,18020,EC,Untreated,13,22-2-15,22-3-1,0
4,B3,18020,EC,Untreated,13,22-2-15,22-3-1,0
4,B1,18020,EC,Untreated,14,22-3-1,22-3-15,0
4,B2,18020,EC,Untreated,14,22-3-1,22-3-15,0
4,B3,18020,EC,Untreated,14,22-3-1,22-3-15,0
4,B1,18020,EC,Untreated,15,22-3-15,22-3-29,0
4,B2,18020,EC,Untreated,15,22-3-15,22-3-29,0
4,B3,18020,EC,Untreated,15,22-3-15,22-3-29,2
4,B1,18020,EC,Untreated,16,22-3-29,22-4-12,0
4,B2,18020,EC,Untreated,16,22-3-29,22-4-12,0
4,B3,18020,EC,Untreated,16,22-3-29,22-4-12,2
4,B1,18020,EC,Untreated,17,22-4-12,22-4-26,0
4,B2,18020,EC,Untreated,17,22-4-12,22-4-26,0
4,B3,18020,EC,Untreated,17,22-4-12,22-4-26,0
4,B1,18020,EC,Untreated,18,22-4-26,22-5-10,0
4,B2,18020,EC,Untreated,18,22-4-26,22-5-10,3
4,B3,18020,EC,Untreated,18,22-4-26,22-5-10,0
4,B1,18020,EC,Untreated,19,22-5-10,22-5-24,1
4,B2,18020,EC,Untreated,19,22-5-10,22-5-24,2
4,B3,18020,EC,Untreated,19,22-5-10,22-5-24,0
4,B1,18020,EC,Untreated,20,22-5-24,22-6-7,2
4,B2,18020,EC,Untreated,20,22-5-24,22-6-7,2
4,B3,18020,EC,Untreated,20,22-5-24,22-6-7,NA
4,B1,18020,EC,Untreated,21,22-6-7,22-6-21,0
4,B2,18020,EC,Untreated,21,22-6-7,22-6-21,0
4,B3,18020,EC,Untreated,21,22-6-7,22-6-21,3
4,B1,18020,EC,Untreated,22,22-7-6,22-8-1,3
4,B2,18020,EC,Untreated,22,22-7-6,22-8-1,3
4,B3,18020,EC,Untreated,22,22-7-6,22-8-1,0
4,B1,18020,EC,Untreated,23,22-8-1,22-8-24,3
4,B2,18020,EC,Untreated,23,22-8-1,22-8-24,3
4,B3,18020,EC,Untreated,23,22-8-1,22-8-24,0
5,B1,18136,EC,Untreated,1,21-10-19,21-10-26,0
5,B2,18136,EC,Untreated,1,21-10-19,21-10-26,0
5,B3,18136,EC,Untreated,1,21-10-19,21-10-26,0
5,B1,18136,EC,Untreated,2,21-10-26,21-11-4,0
5,B2,18136,EC,Untreated,2,21-10-26,21-11-4,0
5,B3,18136,EC,Untreated,2,21-10-26,21-11-4,0
5,B1,18136,EC,Untreated,3,21-11-4,21-11-10,0
5,B2,18136,EC,Untreated,3,21-11-4,21-11-10,0
5,B3,18136,EC,Untreated,3,21-11-4,21-11-10,0
5,B1,18136,EC,Untreated,4,21-11-10,21-11-17,0
5,B2,18136,EC,Untreated,4,21-11-10,21-11-17,0
5,B3,18136,EC,Untreated,4,21-11-10,21-11-17,0
5,B1,18136,EC,Untreated,5,21-11-17,21-11-30,0
5,B2,18136,EC,Untreated,5,21-11-17,21-11-30,0
5,B3,18136,EC,Untreated,5,21-11-17,21-11-30,0
5,B1,18136,EC,Untreated,6,21-11-30,21-12-7,0
5,B2,18136,EC,Untreated,6,21-11-30,21-12-7,0
5,B3,18136,EC,Untreated,6,21-11-30,21-12-7,0
5,B1,18136,EC,Untreated,7,21-12-7,21-12-14,0
5,B2,18136,EC,Untreated,7,21-12-7,21-12-14,0
5,B3,18136,EC,Untreated,7,21-12-7,21-12-14,0
5,B1,18136,EC,Untreated,8,21-12-14,21-12-20,0
5,B2,18136,EC,Untreated,8,21-12-14,21-12-20,0
5,B3,18136,EC,Untreated,8,21-12-14,21-12-20,0
5,B1,18136,EC,Untreated,9,21-12-20,21-1-6,0
5,B2,18136,EC,Untreated,9,21-12-20,21-1-6,0
5,B3,18136,EC,Untreated,9,21-12-20,21-1-6,0
5,B1,18136,EC,Untreated,10,21-1-6,22-1-17,0
5,B2,18136,EC,Untreated,10,21-1-6,22-1-17,0
5,B3,18136,EC,Untreated,10,21-1-6,22-1-17,0
5,B1,18136,EC,Untreated,11,22-1-17,22-2-2,0
5,B2,18136,EC,Untreated,11,22-1-17,22-2-2,0
5,B3,18136,EC,Untreated,11,22-1-17,22-2-2,0
5,B1,18136,EC,Untreated,12,22-2-2,22-2-15,0
5,B2,18136,EC,Untreated,12,22-2-2,22-2-15,0
5,B3,18136,EC,Untreated,12,22-2-2,22-2-15,0
5,B1,18136,EC,Untreated,13,22-2-15,22-3-1,0
5,B2,18136,EC,Untreated,13,22-2-15,22-3-1,0
5,B3,18136,EC,Untreated,13,22-2-15,22-3-1,0
5,B1,18136,EC,Untreated,14,22-3-1,22-3-15,0
5,B2,18136,EC,Untreated,14,22-3-1,22-3-15,0
5,B3,18136,EC,Untreated,14,22-3-1,22-3-15,0
5,B1,18136,EC,Untreated,15,22-3-15,22-3-29,0
5,B2,18136,EC,Untreated,15,22-3-15,22-3-29,0
5,B3,18136,EC,Untreated,15,22-3-15,22-3-29,0
5,B1,18136,EC,Untreated,16,22-3-29,22-4-12,0
5,B2,18136,EC,Untreated,16,22-3-29,22-4-12,0
5,B3,18136,EC,Untreated,16,22-3-29,22-4-12,0
5,B1,18136,EC,Untreated,17,22-4-12,22-4-26,0
5,B2,18136,EC,Untreated,17,22-4-12,22-4-26,0
5,B3,18136,EC,Untreated,17,22-4-12,22-4-26,0
5,B1,18136,EC,Untreated,18,22-4-26,22-5-10,0
5,B2,18136,EC,Untreated,18,22-4-26,22-5-10,0
5,B3,18136,EC,Untreated,18,22-4-26,22-5-10,0
5,B1,18136,EC,Untreated,19,22-5-10,22-5-24,0
5,B2,18136,EC,Untreated,19,22-5-10,22-5-24,0
5,B3,18136,EC,Untreated,19,22-5-10,22-5-24,0
5,B1,18136,EC,Untreated,20,22-5-24,22-6-7,0
5,B2,18136,EC,Untreated,20,22-5-24,22-6-7,0
5,B3,18136,EC,Untreated,20,22-5-24,22-6-7,0
5,B1,18136,EC,Untreated,21,22-6-7,22-6-21,0
5,B2,18136,EC,Untreated,21,22-6-7,22-6-21,0
5,B3,18136,EC,Untreated,21,22-6-7,22-6-21,0
5,B1,18136,EC,Untreated,22,22-7-6,22-8-1,0
5,B2,18136,EC,Untreated,22,22-7-6,22-8-1,0
5,B3,18136,EC,Untreated,22,22-7-6,22-8-1,0
5,B1,18136,EC,Untreated,23,22-8-1,22-8-24,0
5,B2,18136,EC,Untreated,23,22-8-1,22-8-24,0
5,B3,18136,EC,Untreated,23,22-8-1,22-8-24,0
6,B1,18200,EC,Untreated,1,21-10-19,21-10-26,0
6,B2,18200,EC,Untreated,1,21-10-19,21-10-26,0
6,B3,18200,EC,Untreated,1,21-10-19,21-10-26,0
6,B1,18200,EC,Untreated,2,21-10-26,21-11-4,0
6,B2,18200,EC,Untreated,2,21-10-26,21-11-4,0
6,B3,18200,EC,Untreated,2,21-10-26,21-11-4,0
6,B1,18200,EC,Untreated,3,21-11-4,21-11-10,0
6,B2,18200,EC,Untreated,3,21-11-4,21-11-10,0
6,B3,18200,EC,Untreated,3,21-11-4,21-11-10,0
6,B1,18200,EC,Untreated,4,21-11-10,21-11-17,0
6,B2,18200,EC,Untreated,4,21-11-10,21-11-17,0
6,B3,18200,EC,Untreated,4,21-11-10,21-11-17,0
6,B1,18200,EC,Untreated,5,21-11-17,21-11-30,0
6,B2,18200,EC,Untreated,5,21-11-17,21-11-30,0
6,B3,18200,EC,Untreated,5,21-11-17,21-11-30,0
6,B1,18200,EC,Untreated,6,21-11-30,21-12-7,0
6,B2,18200,EC,Untreated,6,21-11-30,21-12-7,0
6,B3,18200,EC,Untreated,6,21-11-30,21-12-7,0
6,B1,18200,EC,Untreated,7,21-12-7,21-12-14,0
6,B2,18200,EC,Untreated,7,21-12-7,21-12-14,0
6,B3,18200,EC,Untreated,7,21-12-7,21-12-14,0
6,B1,18200,EC,Untreated,8,21-12-14,21-12-20,0
6,B2,18200,EC,Untreated,8,21-12-14,21-12-20,0
6,B3,18200,EC,Untreated,8,21-12-14,21-12-20,0
6,B1,18200,EC,Untreated,9,21-12-20,21-1-6,0
6,B2,18200,EC,Untreated,9,21-12-20,21-1-6,0
6,B3,18200,EC,Untreated,9,21-12-20,21-1-6,0
6,B1,18200,EC,Untreated,10,21-1-6,22-1-17,0
6,B2,18200,EC,Untreated,10,21-1-6,22-1-17,0
6,B3,18200,EC,Untreated,10,21-1-6,22-1-17,0
6,B1,18200,EC,Untreated,11,22-1-17,22-2-2,0
6,B2,18200,EC,Untreated,11,22-1-17,22-2-2,0
6,B3,18200,EC,Untreated,11,22-1-17,22-2-2,0
6,B1,18200,EC,Untreated,12,22-2-2,22-2-15,0
6,B2,18200,EC,Untreated,12,22-2-2,22-2-15,0
6,B3,18200,EC,Untreated,12,22-2-2,22-2-15,0
6,B1,18200,EC,Untreated,13,22-2-15,22-3-1,0
6,B2,18200,EC,Untreated,13,22-2-15,22-3-1,0
6,B3,18200,EC,Untreated,13,22-2-15,22-3-1,0
6,B1,18200,EC,Untreated,14,22-3-1,22-3-15,0
6,B2,18200,EC,Untreated,14,22-3-1,22-3-15,0
6,B3,18200,EC,Untreated,14,22-3-1,22-3-15,0
6,B1,18200,EC,Untreated,15,22-3-15,22-3-29,0
6,B2,18200,EC,Untreated,15,22-3-15,22-3-29,0
6,B3,18200,EC,Untreated,15,22-3-15,22-3-29,0
6,B1,18200,EC,Untreated,16,22-3-29,22-4-12,0
6,B2,18200,EC,Untreated,16,22-3-29,22-4-12,0
6,B3,18200,EC,Untreated,16,22-3-29,22-4-12,0
6,B1,18200,EC,Untreated,17,22-4-12,22-4-26,0
6,B2,18200,EC,Untreated,17,22-4-12,22-4-26,0
6,B3,18200,EC,Untreated,17,22-4-12,22-4-26,0
6,B1,18200,EC,Untreated,18,22-4-26,22-5-10,0
6,B2,18200,EC,Untreated,18,22-4-26,22-5-10,0
6,B3,18200,EC,Untreated,18,22-4-26,22-5-10,0
6,B1,18200,EC,Untreated,19,22-5-10,22-5-24,0
6,B2,18200,EC,Untreated,19,22-5-10,22-5-24,0
6,B3,18200,EC,Untreated,19,22-5-10,22-5-24,0
6,B1,18200,EC,Untreated,20,22-5-24,22-6-7,0
6,B2,18200,EC,Untreated,20,22-5-24,22-6-7,0
6,B3,18200,EC,Untreated,20,22-5-24,22-6-7,0
6,B1,18200,EC,Untreated,21,22-6-7,22-6-21,0
6,B2,18200,EC,Untreated,21,22-6-7,22-6-21,0
6,B3,18200,EC,Untreated,21,22-6-7,22-6-21,0
6,B1,18200,EC,Untreated,22,22-7-6,22-8-1,0
6,B2,18200,EC,Untreated,22,22-7-6,22-8-1,0
6,B3,18200,EC,Untreated,22,22-7-6,22-8-1,0
6,B1,18200,EC,Untreated,23,22-8-1,22-8-24,0
6,B2,18200,EC,Untreated,23,22-8-1,22-8-24,0
6,B3,18200,EC,Untreated,23,22-8-1,22-8-24,0
7,B1,18010,EC,Treated,1,21-10-19,21-10-26,0
7,B2,18010,EC,Treated,1,21-10-19,21-10-26,0
7,B3,18010,EC,Treated,1,21-10-19,21-10-26,0
7,B1,18010,EC,Treated,2,21-10-26,21-11-4,0
7,B2,18010,EC,Treated,2,21-10-26,21-11-4,0
7,B3,18010,EC,Treated,2,21-10-26,21-11-4,0
7,B1,18010,EC,Treated,3,21-11-4,21-11-10,0
7,B2,18010,EC,Treated,3,21-11-4,21-11-10,0
7,B3,18010,EC,Treated,3,21-11-4,21-11-10,0
7,B1,18010,EC,Treated,4,21-11-10,21-11-17,0
7,B2,18010,EC,Treated,4,21-11-10,21-11-17,0
7,B3,18010,EC,Treated,4,21-11-10,21-11-17,0
7,B1,18010,EC,Treated,5,21-11-17,21-11-30,0
7,B2,18010,EC,Treated,5,21-11-17,21-11-30,0
7,B3,18010,EC,Treated,5,21-11-17,21-11-30,0
7,B1,18010,EC,Treated,6,21-11-30,21-12-7,0
7,B2,18010,EC,Treated,6,21-11-30,21-12-7,0
7,B3,18010,EC,Treated,6,21-11-30,21-12-7,0
7,B1,18010,EC,Treated,7,21-12-7,21-12-14,0
7,B2,18010,EC,Treated,7,21-12-7,21-12-14,0
7,B3,18010,EC,Treated,7,21-12-7,21-12-14,0
7,B1,18010,EC,Treated,8,21-12-14,21-12-20,0
7,B2,18010,EC,Treated,8,21-12-14,21-12-20,0
7,B3,18010,EC,Treated,8,21-12-14,21-12-20,0
7,B1,18010,EC,Treated,9,21-12-20,21-1-6,0
7,B2,18010,EC,Treated,9,21-12-20,21-1-6,0
7,B3,18010,EC,Treated,9,21-12-20,21-1-6,0
7,B1,18010,EC,Treated,10,21-1-6,22-1-17,0
7,B2,18010,EC,Treated,10,21-1-6,22-1-17,0
7,B3,18010,EC,Treated,10,21-1-6,22-1-17,0
7,B1,18010,EC,Treated,11,22-1-17,22-2-2,0
7,B2,18010,EC,Treated,11,22-1-17,22-2-2,0
7,B3,18010,EC,Treated,11,22-1-17,22-2-2,0
7,B1,18010,EC,Treated,12,22-2-2,22-2-15,0
7,B2,18010,EC,Treated,12,22-2-2,22-2-15,0
7,B3,18010,EC,Treated,12,22-2-2,22-2-15,0
7,B1,18010,EC,Treated,13,22-2-15,22-3-1,0
7,B2,18010,EC,Treated,13,22-2-15,22-3-1,0
7,B3,18010,EC,Treated,13,22-2-15,22-3-1,0
7,B1,18010,EC,Treated,14,22-3-1,22-3-15,0
7,B2,18010,EC,Treated,14,22-3-1,22-3-15,0
7,B3,18010,EC,Treated,14,22-3-1,22-3-15,0
7,B1,18010,EC,Treated,15,22-3-15,22-3-29,0
7,B2,18010,EC,Treated,15,22-3-15,22-3-29,0
7,B3,18010,EC,Treated,15,22-3-15,22-3-29,0
7,B1,18010,EC,Treated,16,22-3-29,22-4-12,0
7,B2,18010,EC,Treated,16,22-3-29,22-4-12,0
7,B3,18010,EC,Treated,16,22-3-29,22-4-12,0
7,B1,18010,EC,Treated,17,22-4-12,22-4-26,0
7,B2,18010,EC,Treated,17,22-4-12,22-4-26,0
7,B3,18010,EC,Treated,17,22-4-12,22-4-26,0
7,B1,18010,EC,Treated,18,22-4-26,22-5-10,0
7,B2,18010,EC,Treated,18,22-4-26,22-5-10,1
7,B3,18010,EC,Treated,18,22-4-26,22-5-10,0
7,B1,18010,EC,Treated,19,22-5-10,22-5-24,0
7,B2,18010,EC,Treated,19,22-5-10,22-5-24,0
7,B3,18010,EC,Treated,19,22-5-10,22-5-24,1
7,B1,18010,EC,Treated,20,22-5-24,22-6-7,0
7,B2,18010,EC,Treated,20,22-5-24,22-6-7,0
7,B3,18010,EC,Treated,20,22-5-24,22-6-7,1
7,B1,18010,EC,Treated,21,22-6-7,22-6-21,0
7,B2,18010,EC,Treated,21,22-6-7,22-6-21,1
7,B3,18010,EC,Treated,21,22-6-7,22-6-21,0
7,B1,18010,EC,Treated,22,22-7-6,22-8-1,0
7,B2,18010,EC,Treated,22,22-7-6,22-8-1,0
7,B3,18010,EC,Treated,22,22-7-6,22-8-1,0
7,B1,18010,EC,Treated,23,22-8-1,22-8-24,0
7,B2,18010,EC,Treated,23,22-8-1,22-8-24,0
7,B3,18010,EC,Treated,23,22-8-1,22-8-24,0
8,B1,18203,EC,Untreated,1,21-10-19,21-10-26,0
8,B2,18203,EC,Untreated,1,21-10-19,21-10-26,0
8,B3,18203,EC,Untreated,1,21-10-19,21-10-26,0
8,B4,18203,EC,Untreated,2,21-10-26,21-11-4,0
8,B5,18203,EC,Untreated,2,21-10-26,21-11-4,0
8,B6,18203,EC,Untreated,2,21-10-26,21-11-4,0
8,B7,18203,EC,Untreated,3,21-11-4,21-11-10,0
8,B8,18203,EC,Untreated,3,21-11-4,21-11-10,0
8,B9,18203,EC,Untreated,3,21-11-4,21-11-10,0
8,B10,18203,EC,Untreated,4,21-11-10,21-11-17,0
8,B11,18203,EC,Untreated,4,21-11-10,21-11-17,0
8,B12,18203,EC,Untreated,4,21-11-10,21-11-17,0
8,B13,18203,EC,Untreated,5,21-11-17,21-11-30,0
8,B14,18203,EC,Untreated,5,21-11-17,21-11-30,0
8,B15,18203,EC,Untreated,5,21-11-17,21-11-30,0
8,B16,18203,EC,Untreated,6,21-11-30,21-12-7,0
8,B17,18203,EC,Untreated,6,21-11-30,21-12-7,0
8,B18,18203,EC,Untreated,6,21-11-30,21-12-7,0
8,B19,18203,EC,Untreated,7,21-12-7,21-12-14,0
8,B20,18203,EC,Untreated,7,21-12-7,21-12-14,0
8,B21,18203,EC,Untreated,7,21-12-7,21-12-14,0
8,B22,18203,EC,Untreated,8,21-12-14,21-12-20,0
8,B23,18203,EC,Untreated,8,21-12-14,21-12-20,0
8,B24,18203,EC,Untreated,8,21-12-14,21-12-20,0
8,B25,18203,EC,Untreated,9,21-12-20,21-1-6,0
8,B26,18203,EC,Untreated,9,21-12-20,21-1-6,0
8,B27,18203,EC,Untreated,9,21-12-20,21-1-6,0
8,B28,18203,EC,Untreated,10,21-1-6,22-1-17,0
8,B29,18203,EC,Untreated,10,21-1-6,22-1-17,0
8,B30,18203,EC,Untreated,10,21-1-6,22-1-17,0
8,B31,18203,EC,Untreated,11,22-1-17,22-2-2,0
8,B32,18203,EC,Untreated,11,22-1-17,22-2-2,0
8,B33,18203,EC,Untreated,11,22-1-17,22-2-2,0
8,B34,18203,EC,Untreated,12,22-2-2,22-2-15,0
8,B35,18203,EC,Untreated,12,22-2-2,22-2-15,0
8,B36,18203,EC,Untreated,12,22-2-2,22-2-15,0
8,B37,18203,EC,Untreated,13,22-2-15,22-3-1,0
8,B38,18203,EC,Untreated,13,22-2-15,22-3-1,0
8,B39,18203,EC,Untreated,13,22-2-15,22-3-1,0
8,B40,18203,EC,Untreated,14,22-3-1,22-3-15,0
8,B41,18203,EC,Untreated,14,22-3-1,22-3-15,0
8,B42,18203,EC,Untreated,14,22-3-1,22-3-15,0
8,B43,18203,EC,Untreated,15,22-3-15,22-3-29,0
8,B44,18203,EC,Untreated,15,22-3-15,22-3-29,0
8,B45,18203,EC,Untreated,15,22-3-15,22-3-29,0
8,B46,18203,EC,Untreated,16,22-3-29,22-4-12,0
8,B47,18203,EC,Untreated,16,22-3-29,22-4-12,0
8,B48,18203,EC,Untreated,16,22-3-29,22-4-12,1
8,B49,18203,EC,Untreated,17,22-4-12,22-4-26,0
8,B50,18203,EC,Untreated,17,22-4-12,22-4-26,0
8,B51,18203,EC,Untreated,17,22-4-12,22-4-26,0
8,B52,18203,EC,Untreated,18,22-4-26,22-5-10,0
8,B53,18203,EC,Untreated,18,22-4-26,22-5-10,0
8,B54,18203,EC,Untreated,18,22-4-26,22-5-10,0
8,B55,18203,EC,Untreated,19,22-5-10,22-5-24,0
8,B56,18203,EC,Untreated,19,22-5-10,22-5-24,0
8,B57,18203,EC,Untreated,19,22-5-10,22-5-24,0
8,B58,18203,EC,Untreated,20,22-5-24,22-6-7,0
8,B59,18203,EC,Untreated,20,22-5-24,22-6-7,0
8,B60,18203,EC,Untreated,20,22-5-24,22-6-7,0
8,B61,18203,EC,Untreated,21,22-6-7,22-6-21,0
8,B62,18203,EC,Untreated,21,22-6-7,22-6-21,0
8,B63,18203,EC,Untreated,21,22-6-7,22-6-21,NA
8,B64,18203,EC,Untreated,22,22-7-6,22-8-1,0
8,B65,18203,EC,Untreated,22,22-7-6,22-8-1,0
8,B66,18203,EC,Untreated,22,22-7-6,22-8-1,0
8,B67,18203,EC,Untreated,23,22-8-1,22-8-24,0
8,B68,18203,EC,Untreated,23,22-8-1,22-8-24,0
8,B69,18203,EC,Untreated,23,22-8-1,22-8-24,0
9,B1,18205,NH,Untreated,1,21-10-19,21-10-27,0
9,B2,18205,NH,Untreated,1,21-10-19,21-10-27,0
9,B3,18205,NH,Untreated,1,21-10-19,21-10-27,0
9,B1,18205,NH,Untreated,2,21-10-27,21-11-4,0
9,B2,18205,NH,Untreated,2,21-10-27,21-11-4,0
9,B3,18205,NH,Untreated,2,21-10-27,21-11-4,0
9,B1,18205,NH,Untreated,3,21-11-4,21-11-10,0
9,B2,18205,NH,Untreated,3,21-11-4,21-11-10,0
9,B3,18205,NH,Untreated,3,21-11-4,21-11-10,1
9,B1,18205,NH,Untreated,4,21-11-10,21-11-18,0
9,B2,18205,NH,Untreated,4,21-11-10,21-11-18,0
9,B3,18205,NH,Untreated,4,21-11-10,21-11-18,0
9,B1,18205,NH,Untreated,5,21-11-22,21-11-30,0
9,B2,18205,NH,Untreated,5,21-11-22,21-11-30,0
9,B3,18205,NH,Untreated,5,21-11-22,21-11-30,0
9,B1,18205,NH,Untreated,6,21-11-30,21-12-7,0
9,B2,18205,NH,Untreated,6,21-11-30,21-12-7,0
9,B3,18205,NH,Untreated,6,21-11-30,21-12-7,0
9,B1,18205,NH,Untreated,7,21-12-7,21-12-14,0
9,B2,18205,NH,Untreated,7,21-12-7,21-12-14,0
9,B3,18205,NH,Untreated,7,21-12-7,21-12-14,0
9,B1,18205,NH,Untreated,8,21-12-14,21-12-21,0
9,B2,18205,NH,Untreated,8,21-12-14,21-12-21,0
9,B3,18205,NH,Untreated,8,21-12-14,21-12-21,1
9,B1,18205,NH,Untreated,9,21-12-21,21-1-6,0
9,B2,18205,NH,Untreated,9,21-12-21,21-1-6,0
9,B3,18205,NH,Untreated,9,21-12-21,21-1-6,0
9,B1,18205,NH,Untreated,10,21-1-6,22-1-17,0
9,B2,18205,NH,Untreated,10,21-1-6,22-1-17,0
9,B3,18205,NH,Untreated,10,21-1-6,22-1-17,0
9,B1,18205,NH,Untreated,11,22-1-17,22-2-1,0
9,B2,18205,NH,Untreated,11,22-1-17,22-2-1,0
9,B3,18205,NH,Untreated,11,22-1-17,22-2-1,0
9,B1,18205,NH,Untreated,12,22-2-1,22-2-15,0
9,B2,18205,NH,Untreated,12,22-2-1,22-2-15,0
9,B3,18205,NH,Untreated,12,22-2-1,22-2-15,0
9,B1,18205,NH,Untreated,13,22-2-15,22-3-1,0
9,B2,18205,NH,Untreated,13,22-2-15,22-3-1,0
9,B3,18205,NH,Untreated,13,22-2-15,22-3-1,0
9,B1,18205,NH,Untreated,14,22-3-1,22-3-15,0
9,B2,18205,NH,Untreated,14,22-3-1,22-3-15,0
9,B3,18205,NH,Untreated,14,22-3-1,22-3-15,0
9,B1,18205,NH,Untreated,15,22-3-15,22-3-29,0
9,B2,18205,NH,Untreated,15,22-3-15,22-3-29,0
9,B3,18205,NH,Untreated,15,22-3-15,22-3-29,0
9,B1,18205,NH,Untreated,16,22-3-29,22-4-12,0
9,B2,18205,NH,Untreated,16,22-3-29,22-4-12,1
9,B3,18205,NH,Untreated,16,22-3-29,22-4-12,0
9,B1,18205,NH,Untreated,17,22-4-12,22-4-26,0
9,B2,18205,NH,Untreated,17,22-4-12,22-4-26,0
9,B3,18205,NH,Untreated,17,22-4-12,22-4-26,0
9,B1,18205,NH,Untreated,18,22-4-26,22-5-10,0
9,B2,18205,NH,Untreated,18,22-4-26,22-5-10,0
9,B3,18205,NH,Untreated,18,22-4-26,22-5-10,0
9,B1,18205,NH,Untreated,19,22-5-10,22-5-24,0
9,B2,18205,NH,Untreated,19,22-5-10,22-5-24,0
9,B3,18205,NH,Untreated,19,22-5-10,22-5-24,0
9,B1,18205,NH,Untreated,20,22-5-24,22-6-7,0
9,B2,18205,NH,Untreated,20,22-5-24,22-6-7,0
9,B3,18205,NH,Untreated,20,22-5-24,22-6-7,0
9,B1,18205,NH,Untreated,21,22-6-7,22-6-21,0
9,B2,18205,NH,Untreated,21,22-6-7,22-6-21,0
9,B3,18205,NH,Untreated,21,22-6-7,22-6-21,0
9,B1,18205,NH,Untreated,22,22-7-6,22-8-1,NA
9,B2,18205,NH,Untreated,22,22-7-6,22-8-1,0
9,B3,18205,NH,Untreated,22,22-7-6,22-8-1,0
9,B1,18205,NH,Untreated,23,22-8-1,22-8-24,NA
9,B2,18205,NH,Untreated,23,22-8-1,22-8-24,0
9,B3,18205,NH,Untreated,23,22-8-1,22-8-24,0
10,B1,18213,NH,Treated,1,21-10-19,21-10-27,0
10,B2,18213,NH,Treated,1,21-10-19,21-10-27,0
10,B3,18213,NH,Treated,1,21-10-19,21-10-27,0
10,B1,18213,NH,Treated,2,21-10-27,21-11-4,0
10,B2,18213,NH,Treated,2,21-10-27,21-11-4,0
10,B3,18213,NH,Treated,2,21-10-27,21-11-4,0
10,B1,18213,NH,Treated,3,21-11-4,21-11-10,0
10,B2,18213,NH,Treated,3,21-11-4,21-11-10,0
10,B3,18213,NH,Treated,3,21-11-4,21-11-10,0
10,B1,18213,NH,Treated,4,21-11-10,21-11-18,0
10,B2,18213,NH,Treated,4,21-11-10,21-11-18,0
10,B3,18213,NH,Treated,4,21-11-10,21-11-18,0
10,B1,18213,NH,Treated,5,21-11-22,21-11-30,0
10,B2,18213,NH,Treated,5,21-11-22,21-11-30,0
10,B3,18213,NH,Treated,5,21-11-22,21-11-30,0
10,B1,18213,NH,Treated,6,21-11-30,21-12-7,0
10,B2,18213,NH,Treated,6,21-11-30,21-12-7,0
10,B3,18213,NH,Treated,6,21-11-30,21-12-7,0
10,B1,18213,NH,Treated,7,21-12-7,21-12-14,0
10,B2,18213,NH,Treated,7,21-12-7,21-12-14,0
10,B3,18213,NH,Treated,7,21-12-7,21-12-14,0
10,B1,18213,NH,Treated,8,21-12-14,21-12-21,0
10,B2,18213,NH,Treated,8,21-12-14,21-12-21,0
10,B3,18213,NH,Treated,8,21-12-14,21-12-21,0
10,B1,18213,NH,Treated,9,21-12-21,21-1-6,0
10,B2,18213,NH,Treated,9,21-12-21,21-1-6,0
10,B3,18213,NH,Treated,9,21-12-21,21-1-6,0
10,B1,18213,NH,Treated,10,21-1-6,22-1-17,0
10,B2,18213,NH,Treated,10,21-1-6,22-1-17,0
10,B3,18213,NH,Treated,10,21-1-6,22-1-17,0
10,B1,18213,NH,Treated,11,22-1-17,22-2-1,0
10,B2,18213,NH,Treated,11,22-1-17,22-2-1,0
10,B3,18213,NH,Treated,11,22-1-17,22-2-1,0
10,B1,18213,NH,Treated,12,22-2-1,22-2-15,0
10,B2,18213,NH,Treated,12,22-2-1,22-2-15,0
10,B3,18213,NH,Treated,12,22-2-1,22-2-15,0
10,B1,18213,NH,Treated,13,22-2-15,22-3-1,0
10,B2,18213,NH,Treated,13,22-2-15,22-3-1,0
10,B3,18213,NH,Treated,13,22-2-15,22-3-1,0
10,B1,18213,NH,Treated,14,22-3-1,22-3-15,0
10,B2,18213,NH,Treated,14,22-3-1,22-3-15,0
10,B3,18213,NH,Treated,14,22-3-1,22-3-15,0
10,B1,18213,NH,Treated,15,22-3-15,22-3-29,0
10,B2,18213,NH,Treated,15,22-3-15,22-3-29,0
10,B3,18213,NH,Treated,15,22-3-15,22-3-29,0
10,B1,18213,NH,Treated,16,22-3-29,22-4-12,0
10,B2,18213,NH,Treated,16,22-3-29,22-4-12,0
10,B3,18213,NH,Treated,16,22-3-29,22-4-12,0
10,B1,18213,NH,Treated,17,22-4-12,22-4-26,0
10,B2,18213,NH,Treated,17,22-4-12,22-4-26,0
10,B3,18213,NH,Treated,17,22-4-12,22-4-26,0
10,B1,18213,NH,Treated,18,22-4-26,22-5-10,0
10,B2,18213,NH,Treated,18,22-4-26,22-5-10,0
10,B3,18213,NH,Treated,18,22-4-26,22-5-10,0
10,B1,18213,NH,Treated,19,22-5-10,22-5-24,0
10,B2,18213,NH,Treated,19,22-5-10,22-5-24,0
10,B3,18213,NH,Treated,19,22-5-10,22-5-24,0
10,B1,18213,NH,Treated,20,22-5-24,22-6-7,0
10,B2,18213,NH,Treated,20,22-5-24,22-6-7,0
10,B3,18213,NH,Treated,20,22-5-24,22-6-7,0
10,B1,18213,NH,Treated,21,22-6-7,22-6-21,0
10,B2,18213,NH,Treated,21,22-6-7,22-6-21,0
10,B3,18213,NH,Treated,21,22-6-7,22-6-21,0
10,B1,18213,NH,Treated,22,22-7-6,22-8-1,0
10,B2,18213,NH,Treated,22,22-7-6,22-8-1,0
10,B3,18213,NH,Treated,22,22-7-6,22-8-1,0
10,B1,18213,NH,Treated,23,22-8-1,22-8-24,0
10,B2,18213,NH,Treated,23,22-8-1,22-8-24,0
10,B3,18213,NH,Treated,23,22-8-1,22-8-24,0
11,B1,18224,NH,Untreated,1,21-10-19,21-10-27,0
11,B2,18224,NH,Untreated,1,21-10-19,21-10-27,0
11,B3,18224,NH,Untreated,1,21-10-19,21-10-27,0
11,B1,18224,NH,Untreated,2,21-10-27,21-11-4,0
11,B2,18224,NH,Untreated,2,21-10-27,21-11-4,0
11,B3,18224,NH,Untreated,2,21-10-27,21-11-4,0
11,B1,18224,NH,Untreated,3,21-11-4,21-11-10,0
11,B2,18224,NH,Untreated,3,21-11-4,21-11-10,0
11,B3,18224,NH,Untreated,3,21-11-4,21-11-10,0
11,B1,18224,NH,Untreated,4,21-11-10,21-11-18,0
11,B2,18224,NH,Untreated,4,21-11-10,21-11-18,0
11,B3,18224,NH,Untreated,4,21-11-10,21-11-18,0
11,B1,18224,NH,Untreated,5,21-11-22,21-11-30,0
11,B2,18224,NH,Untreated,5,21-11-22,21-11-30,0
11,B3,18224,NH,Untreated,5,21-11-22,21-11-30,0
11,B1,18224,NH,Untreated,6,21-11-30,21-12-7,0
11,B2,18224,NH,Untreated,6,21-11-30,21-12-7,0
11,B3,18224,NH,Untreated,6,21-11-30,21-12-7,0
11,B1,18224,NH,Untreated,7,21-12-7,21-12-14,0
11,B2,18224,NH,Untreated,7,21-12-7,21-12-14,0
11,B3,18224,NH,Untreated,7,21-12-7,21-12-14,0
11,B1,18224,NH,Untreated,8,21-12-14,21-12-21,0
11,B2,18224,NH,Untreated,8,21-12-14,21-12-21,0
11,B3,18224,NH,Untreated,8,21-12-14,21-12-21,0
11,B1,18224,NH,Untreated,9,21-12-21,21-1-6,0
11,B2,18224,NH,Untreated,9,21-12-21,21-1-6,0
11,B3,18224,NH,Untreated,9,21-12-21,21-1-6,0
11,B1,18224,NH,Untreated,10,21-1-6,22-1-17,0
11,B2,18224,NH,Untreated,10,21-1-6,22-1-17,0
11,B3,18224,NH,Untreated,10,21-1-6,22-1-17,0
11,B1,18224,NH,Untreated,11,22-1-17,22-2-1,0
11,B2,18224,NH,Untreated,11,22-1-17,22-2-1,0
11,B3,18224,NH,Untreated,11,22-1-17,22-2-1,0
11,B1,18224,NH,Untreated,12,22-2-1,22-2-15,0
11,B2,18224,NH,Untreated,12,22-2-1,22-2-15,0
11,B3,18224,NH,Untreated,12,22-2-1,22-2-15,0
11,B1,18224,NH,Untreated,13,22-2-15,22-3-1,0
11,B2,18224,NH,Untreated,13,22-2-15,22-3-1,0
11,B3,18224,NH,Untreated,13,22-2-15,22-3-1,0
11,B1,18224,NH,Untreated,14,22-3-1,22-3-15,0
11,B2,18224,NH,Untreated,14,22-3-1,22-3-15,0
11,B3,18224,NH,Untreated,14,22-3-1,22-3-15,0
11,B1,18224,NH,Untreated,15,22-3-15,22-3-29,0
11,B2,18224,NH,Untreated,15,22-3-15,22-3-29,0
11,B3,18224,NH,Untreated,15,22-3-15,22-3-29,0
11,B1,18224,NH,Untreated,16,22-3-29,22-4-12,0
11,B2,18224,NH,Untreated,16,22-3-29,22-4-12,0
11,B3,18224,NH,Untreated,16,22-3-29,22-4-12,0
11,B1,18224,NH,Untreated,17,22-4-12,22-4-26,0
11,B2,18224,NH,Untreated,17,22-4-12,22-4-26,0
11,B3,18224,NH,Untreated,17,22-4-12,22-4-26,0
11,B1,18224,NH,Untreated,18,22-4-26,22-5-10,0
11,B2,18224,NH,Untreated,18,22-4-26,22-5-10,0
11,B3,18224,NH,Untreated,18,22-4-26,22-5-10,0
11,B1,18224,NH,Untreated,19,22-5-10,22-5-24,0
11,B2,18224,NH,Untreated,19,22-5-10,22-5-24,0
11,B3,18224,NH,Untreated,19,22-5-10,22-5-24,0
11,B1,18224,NH,Untreated,20,22-5-24,22-6-7,0
11,B2,18224,NH,Untreated,20,22-5-24,22-6-7,0
11,B3,18224,NH,Untreated,20,22-5-24,22-6-7,0
11,B1,18224,NH,Untreated,21,22-6-7,22-6-21,0
11,B2,18224,NH,Untreated,21,22-6-7,22-6-21,0
11,B3,18224,NH,Untreated,21,22-6-7,22-6-21,0
11,B1,18224,NH,Untreated,22,22-7-6,22-8-1,0
11,B2,18224,NH,Untreated,22,22-7-6,22-8-1,0
11,B3,18224,NH,Untreated,22,22-7-6,22-8-1,0
11,B1,18224,NH,Untreated,23,22-8-1,22-8-24,0
11,B2,18224,NH,Untreated,23,22-8-1,22-8-24,0
11,B3,18224,NH,Untreated,23,22-8-1,22-8-24,0
12,B1,18209,NH,Untreated,1,21-10-19,21-10-27,0
12,B2,18209,NH,Untreated,1,21-10-19,21-10-27,0
12,B3,18209,NH,Untreated,1,21-10-19,21-10-27,0
12,B1,18209,NH,Untreated,2,21-10-27,21-11-4,0
12,B2,18209,NH,Untreated,2,21-10-27,21-11-4,0
12,B3,18209,NH,Untreated,2,21-10-27,21-11-4,0
12,B1,18209,NH,Untreated,3,21-11-4,21-11-10,0
12,B2,18209,NH,Untreated,3,21-11-4,21-11-10,0
12,B3,18209,NH,Untreated,3,21-11-4,21-11-10,0
12,B1,18209,NH,Untreated,4,21-11-10,21-11-18,0
12,B2,18209,NH,Untreated,4,21-11-10,21-11-18,0
12,B3,18209,NH,Untreated,4,21-11-10,21-11-18,0
12,B1,18209,NH,Untreated,5,21-11-22,21-11-30,0
12,B2,18209,NH,Untreated,5,21-11-22,21-11-30,0
12,B3,18209,NH,Untreated,5,21-11-22,21-11-30,0
12,B1,18209,NH,Untreated,6,21-11-30,21-12-7,0
12,B2,18209,NH,Untreated,6,21-11-30,21-12-7,0
12,B3,18209,NH,Untreated,6,21-11-30,21-12-7,0
12,B1,18209,NH,Untreated,7,21-12-7,21-12-14,0
12,B2,18209,NH,Untreated,7,21-12-7,21-12-14,0
12,B3,18209,NH,Untreated,7,21-12-7,21-12-14,0
12,B1,18209,NH,Untreated,8,21-12-14,21-12-21,1
12,B2,18209,NH,Untreated,8,21-12-14,21-12-21,1
12,B3,18209,NH,Untreated,8,21-12-14,21-12-21,0
12,B1,18209,NH,Untreated,9,21-12-21,21-1-6,0
12,B2,18209,NH,Untreated,9,21-12-21,21-1-6,0
12,B3,18209,NH,Untreated,9,21-12-21,21-1-6,0
12,B1,18209,NH,Untreated,10,21-1-6,22-1-17,1
12,B2,18209,NH,Untreated,10,21-1-6,22-1-17,0
12,B3,18209,NH,Untreated,10,21-1-6,22-1-17,0
12,B1,18209,NH,Untreated,11,22-1-17,22-2-1,0
12,B2,18209,NH,Untreated,11,22-1-17,22-2-1,0
12,B3,18209,NH,Untreated,11,22-1-17,22-2-1,0
12,B1,18209,NH,Untreated,12,22-2-1,22-2-15,0
12,B2,18209,NH,Untreated,12,22-2-1,22-2-15,0
12,B3,18209,NH,Untreated,12,22-2-1,22-2-15,0
12,B1,18209,NH,Untreated,13,22-2-15,22-3-1,0
12,B2,18209,NH,Untreated,13,22-2-15,22-3-1,0
12,B3,18209,NH,Untreated,13,22-2-15,22-3-1,0
12,B1,18209,NH,Untreated,14,22-3-1,22-3-15,1
12,B2,18209,NH,Untreated,14,22-3-1,22-3-15,0
12,B3,18209,NH,Untreated,14,22-3-1,22-3-15,0
12,B1,18209,NH,Untreated,15,22-3-15,22-3-29,0
12,B2,18209,NH,Untreated,15,22-3-15,22-3-29,0
12,B3,18209,NH,Untreated,15,22-3-15,22-3-29,0
12,B1,18209,NH,Untreated,16,22-3-29,22-4-12,0
12,B2,18209,NH,Untreated,16,22-3-29,22-4-12,0
12,B3,18209,NH,Untreated,16,22-3-29,22-4-12,0
12,B1,18209,NH,Untreated,17,22-4-12,22-4-26,0
12,B2,18209,NH,Untreated,17,22-4-12,22-4-26,0
12,B3,18209,NH,Untreated,17,22-4-12,22-4-26,0
12,B1,18209,NH,Untreated,18,22-4-26,22-5-10,0
12,B2,18209,NH,Untreated,18,22-4-26,22-5-10,0
12,B3,18209,NH,Untreated,18,22-4-26,22-5-10,0
12,B1,18209,NH,Untreated,19,22-5-10,22-5-24,0
12,B2,18209,NH,Untreated,19,22-5-10,22-5-24,0
12,B3,18209,NH,Untreated,19,22-5-10,22-5-24,1
12,B1,18209,NH,Untreated,20,22-5-24,22-6-7,0
12,B2,18209,NH,Untreated,20,22-5-24,22-6-7,0
12,B3,18209,NH,Untreated,20,22-5-24,22-6-7,0
12,B1,18209,NH,Untreated,21,22-6-7,22-6-21,0
12,B2,18209,NH,Untreated,21,22-6-7,22-6-21,2
12,B3,18209,NH,Untreated,21,22-6-7,22-6-21,0
12,B1,18209,NH,Untreated,22,22-7-6,22-8-1,0
12,B2,18209,NH,Untreated,22,22-7-6,22-8-1,0
12,B3,18209,NH,Untreated,22,22-7-6,22-8-1,0
12,B1,18209,NH,Untreated,23,22-8-1,22-8-24,0
12,B2,18209,NH,Untreated,23,22-8-1,22-8-24,0
12,B3,18209,NH,Untreated,23,22-8-1,22-8-24,0
13,B1,18206,NH,Treated,1,21-10-19,21-10-27,0
13,B2,18206,NH,Treated,1,21-10-19,21-10-27,0
13,B3,18206,NH,Treated,1,21-10-19,21-10-27,0
13,B1,18206,NH,Treated,2,21-10-27,21-11-4,1
13,B2,18206,NH,Treated,2,21-10-27,21-11-4,0
13,B3,18206,NH,Treated,2,21-10-27,21-11-4,0
13,B1,18206,NH,Treated,3,21-11-4,21-11-10,1
13,B2,18206,NH,Treated,3,21-11-4,21-11-10,1
13,B3,18206,NH,Treated,3,21-11-4,21-11-10,0
13,B1,18206,NH,Treated,4,21-11-10,21-11-18,0
13,B2,18206,NH,Treated,4,21-11-10,21-11-18,0
13,B3,18206,NH,Treated,4,21-11-10,21-11-18,0
13,B1,18206,NH,Treated,5,21-11-22,21-11-30,0
13,B2,18206,NH,Treated,5,21-11-22,21-11-30,0
13,B3,18206,NH,Treated,5,21-11-22,21-11-30,0
13,B1,18206,NH,Treated,6,21-11-30,21-12-7,0
13,B2,18206,NH,Treated,6,21-11-30,21-12-7,0
13,B3,18206,NH,Treated,6,21-11-30,21-12-7,0
13,B1,18206,NH,Treated,7,21-12-7,21-12-14,0
13,B2,18206,NH,Treated,7,21-12-7,21-12-14,0
13,B3,18206,NH,Treated,7,21-12-7,21-12-14,3
13,B1,18206,NH,Treated,8,21-12-14,21-12-21,3
13,B2,18206,NH,Treated,8,21-12-14,21-12-21,1
13,B3,18206,NH,Treated,8,21-12-14,21-12-21,3
13,B1,18206,NH,Treated,9,21-12-21,21-1-6,2
13,B2,18206,NH,Treated,9,21-12-21,21-1-6,1
13,B3,18206,NH,Treated,9,21-12-21,21-1-6,3
13,B1,18206,NH,Treated,10,21-1-6,22-1-17,1
13,B2,18206,NH,Treated,10,21-1-6,22-1-17,1
13,B3,18206,NH,Treated,10,21-1-6,22-1-17,2
13,B1,18206,NH,Treated,11,22-1-17,22-2-1,0
13,B2,18206,NH,Treated,11,22-1-17,22-2-1,0
13,B3,18206,NH,Treated,11,22-1-17,22-2-1,0
13,B1,18206,NH,Treated,12,22-2-1,22-2-15,0
13,B2,18206,NH,Treated,12,22-2-1,22-2-15,0
13,B3,18206,NH,Treated,12,22-2-1,22-2-15,0
13,B1,18206,NH,Treated,13,22-2-15,22-3-1,0
13,B2,18206,NH,Treated,13,22-2-15,22-3-1,0
13,B3,18206,NH,Treated,13,22-2-15,22-3-1,0
13,B1,18206,NH,Treated,14,22-3-1,22-3-15,1
13,B2,18206,NH,Treated,14,22-3-1,22-3-15,0
13,B3,18206,NH,Treated,14,22-3-1,22-3-15,2
13,B1,18206,NH,Treated,15,22-3-15,22-3-29,0
13,B2,18206,NH,Treated,15,22-3-15,22-3-29,0
13,B3,18206,NH,Treated,15,22-3-15,22-3-29,0
13,B1,18206,NH,Treated,16,22-3-29,22-4-12,0
13,B2,18206,NH,Treated,16,22-3-29,22-4-12,0
13,B3,18206,NH,Treated,16,22-3-29,22-4-12,3
13,B1,18206,NH,Treated,17,22-4-12,22-4-26,2
13,B2,18206,NH,Treated,17,22-4-12,22-4-26,0
13,B3,18206,NH,Treated,17,22-4-12,22-4-26,3
13,B1,18206,NH,Treated,18,22-4-26,22-5-10,3
13,B2,18206,NH,Treated,18,22-4-26,22-5-10,0
13,B3,18206,NH,Treated,18,22-4-26,22-5-10,3
13,B1,18206,NH,Treated,19,22-5-10,22-5-24,2
13,B2,18206,NH,Treated,19,22-5-10,22-5-24,2
13,B3,18206,NH,Treated,19,22-5-10,22-5-24,3
13,B1,18206,NH,Treated,20,22-5-24,22-6-7,2
13,B2,18206,NH,Treated,20,22-5-24,22-6-7,NA
13,B3,18206,NH,Treated,20,22-5-24,22-6-7,3
13,B1,18206,NH,Treated,21,22-6-7,22-6-21,2
13,B2,18206,NH,Treated,21,22-6-7,22-6-21,0
13,B3,18206,NH,Treated,21,22-6-7,22-6-21,1
13,B1,18206,NH,Treated,22,22-7-6,22-8-1,0
13,B2,18206,NH,Treated,22,22-7-6,22-8-1,0
13,B3,18206,NH,Treated,22,22-7-6,22-8-1,0
13,B1,18206,NH,Treated,23,22-8-1,22-8-24,0
13,B2,18206,NH,Treated,23,22-8-1,22-8-24,0
13,B3,18206,NH,Treated,23,22-8-1,22-8-24,0
14,B1,18207,NH,Treated,1,21-10-19,21-10-27,0
14,B2,18207,NH,Treated,1,21-10-19,21-10-27,0
14,B3,18207,NH,Treated,1,21-10-19,21-10-27,0
14,B1,18207,NH,Treated,2,21-10-27,21-11-4,0
14,B2,18207,NH,Treated,2,21-10-27,21-11-4,0
14,B3,18207,NH,Treated,2,21-10-27,21-11-4,0
14,B1,18207,NH,Treated,3,21-11-4,21-11-10,0
14,B2,18207,NH,Treated,3,21-11-4,21-11-10,0
14,B3,18207,NH,Treated,3,21-11-4,21-11-10,0
14,B1,18207,NH,Treated,4,21-11-10,21-11-18,0
14,B2,18207,NH,Treated,4,21-11-10,21-11-18,0
14,B3,18207,NH,Treated,4,21-11-10,21-11-18,0
14,B1,18207,NH,Treated,5,21-11-22,21-11-30,0
14,B2,18207,NH,Treated,5,21-11-22,21-11-30,0
14,B3,18207,NH,Treated,5,21-11-22,21-11-30,0
14,B1,18207,NH,Treated,6,21-11-30,21-12-7,0
14,B2,18207,NH,Treated,6,21-11-30,21-12-7,0
14,B3,18207,NH,Treated,6,21-11-30,21-12-7,0
14,B1,18207,NH,Treated,7,21-12-7,21-12-14,0
14,B2,18207,NH,Treated,7,21-12-7,21-12-14,0
14,B3,18207,NH,Treated,7,21-12-7,21-12-14,0
14,B1,18207,NH,Treated,8,21-12-14,21-12-21,0
14,B2,18207,NH,Treated,8,21-12-14,21-12-21,0
14,B3,18207,NH,Treated,8,21-12-14,21-12-21,0
14,B1,18207,NH,Treated,9,21-12-21,21-1-6,0
14,B2,18207,NH,Treated,9,21-12-21,21-1-6,0
14,B3,18207,NH,Treated,9,21-12-21,21-1-6,0
14,B1,18207,NH,Treated,10,21-1-6,22-1-17,0
14,B2,18207,NH,Treated,10,21-1-6,22-1-17,0
14,B3,18207,NH,Treated,10,21-1-6,22-1-17,0
14,B1,18207,NH,Treated,11,22-1-17,22-2-1,0
14,B2,18207,NH,Treated,11,22-1-17,22-2-1,0
14,B3,18207,NH,Treated,11,22-1-17,22-2-1,0
14,B1,18207,NH,Treated,12,22-2-1,22-2-15,0
14,B2,18207,NH,Treated,12,22-2-1,22-2-15,0
14,B3,18207,NH,Treated,12,22-2-1,22-2-15,0
14,B1,18207,NH,Treated,13,22-2-15,22-3-1,0
14,B2,18207,NH,Treated,13,22-2-15,22-3-1,0
14,B3,18207,NH,Treated,13,22-2-15,22-3-1,0
14,B1,18207,NH,Treated,14,22-3-1,22-3-15,0
14,B2,18207,NH,Treated,14,22-3-1,22-3-15,0
14,B3,18207,NH,Treated,14,22-3-1,22-3-15,0
14,B1,18207,NH,Treated,15,22-3-15,22-3-29,0
14,B2,18207,NH,Treated,15,22-3-15,22-3-29,0
14,B3,18207,NH,Treated,15,22-3-15,22-3-29,0
14,B1,18207,NH,Treated,16,22-3-29,22-4-12,0
14,B2,18207,NH,Treated,16,22-3-29,22-4-12,0
14,B3,18207,NH,Treated,16,22-3-29,22-4-12,0
14,B1,18207,NH,Treated,17,22-4-12,22-4-26,0
14,B2,18207,NH,Treated,17,22-4-12,22-4-26,0
14,B3,18207,NH,Treated,17,22-4-12,22-4-26,0
14,B1,18207,NH,Treated,18,22-4-26,22-5-10,0
14,B2,18207,NH,Treated,18,22-4-26,22-5-10,0
14,B3,18207,NH,Treated,18,22-4-26,22-5-10,0
14,B1,18207,NH,Treated,19,22-5-10,22-5-24,0
14,B2,18207,NH,Treated,19,22-5-10,22-5-24,0
14,B3,18207,NH,Treated,19,22-5-10,22-5-24,0
14,B1,18207,NH,Treated,20,22-5-24,22-6-7,0
14,B2,18207,NH,Treated,20,22-5-24,22-6-7,0
14,B3,18207,NH,Treated,20,22-5-24,22-6-7,0
14,B1,18207,NH,Treated,21,22-6-7,22-6-21,0
14,B2,18207,NH,Treated,21,22-6-7,22-6-21,0
14,B3,18207,NH,Treated,21,22-6-7,22-6-21,0
14,B1,18207,NH,Treated,22,22-7-6,22-8-1,0
14,B2,18207,NH,Treated,22,22-7-6,22-8-1,0
14,B3,18207,NH,Treated,22,22-7-6,22-8-1,0
14,B1,18207,NH,Treated,23,22-8-1,22-8-24,0
14,B2,18207,NH,Treated,23,22-8-1,22-8-24,0
14,B3,18207,NH,Treated,23,22-8-1,22-8-24,0
15,B1,18141,CC,Untreated,1,21-10-20,21-10-28,0
15,B2,18141,CC,Untreated,1,21-10-20,21-10-28,0
15,B3,18141,CC,Untreated,1,21-10-20,21-10-28,0
15,B1,18141,CC,Untreated,2,21-10-28,21-11-5,0
15,B2,18141,CC,Untreated,2,21-10-28,21-11-5,0
15,B3,18141,CC,Untreated,2,21-10-28,21-11-5,0
15,B1,18141,CC,Untreated,3,21-11-5,21-11-9,0
15,B2,18141,CC,Untreated,3,21-11-5,21-11-9,0
15,B3,18141,CC,Untreated,3,21-11-5,21-11-9,0
15,B1,18141,CC,Untreated,4,21-11-9,21-11-18,0
15,B2,18141,CC,Untreated,4,21-11-9,21-11-18,0
15,B3,18141,CC,Untreated,4,21-11-9,21-11-18,0
15,B1,18141,CC,Untreated,5,21-11-18,21-11-29,0
15,B2,18141,CC,Untreated,5,21-11-18,21-11-29,0
15,B3,18141,CC,Untreated,5,21-11-18,21-11-29,0
15,B1,18141,CC,Untreated,6,21-11-29,21-12-6,0
15,B2,18141,CC,Untreated,6,21-11-29,21-12-6,0
15,B3,18141,CC,Untreated,6,21-11-29,21-12-6,0
15,B1,18141,CC,Untreated,7,21-12-6,21-12-13,0
15,B2,18141,CC,Untreated,7,21-12-6,21-12-13,0
15,B3,18141,CC,Untreated,7,21-12-6,21-12-13,0
15,B1,18141,CC,Untreated,8,21-12-13,21-12-20,0
15,B2,18141,CC,Untreated,8,21-12-13,21-12-20,0
15,B3,18141,CC,Untreated,8,21-12-13,21-12-20,0
15,B1,18141,CC,Untreated,9,21-12-20,21-1-7,0
15,B2,18141,CC,Untreated,9,21-12-20,21-1-7,0
15,B3,18141,CC,Untreated,9,21-12-20,21-1-7,0
15,B1,18141,CC,Untreated,10,21-1-7,22-1-18,0
15,B2,18141,CC,Untreated,10,21-1-7,22-1-18,0
15,B3,18141,CC,Untreated,10,21-1-7,22-1-18,0
15,B1,18141,CC,Untreated,11,22-1-18,22-2-1,0
15,B2,18141,CC,Untreated,11,22-1-18,22-2-1,0
15,B3,18141,CC,Untreated,11,22-1-18,22-2-1,0
15,B1,18141,CC,Untreated,12,22-2-1,22-2-15,0
15,B2,18141,CC,Untreated,12,22-2-1,22-2-15,0
15,B3,18141,CC,Untreated,12,22-2-1,22-2-15,0
15,B1,18141,CC,Untreated,13,22-2-15,22-3-1,0
15,B2,18141,CC,Untreated,13,22-2-15,22-3-1,0
15,B3,18141,CC,Untreated,13,22-2-15,22-3-1,0
15,B1,18141,CC,Untreated,14,22-3-1,22-3-15,0
15,B2,18141,CC,Untreated,14,22-3-1,22-3-15,0
15,B3,18141,CC,Untreated,14,22-3-1,22-3-15,0
15,B1,18141,CC,Untreated,15,22-3-15,22-3-29,0
15,B2,18141,CC,Untreated,15,22-3-15,22-3-29,0
15,B3,18141,CC,Untreated,15,22-3-15,22-3-29,0
15,B1,18141,CC,Untreated,16,22-3-29,22-4-12,0
15,B2,18141,CC,Untreated,16,22-3-29,22-4-12,0
15,B3,18141,CC,Untreated,16,22-3-29,22-4-12,0
15,B1,18141,CC,Untreated,17,22-4-12,22-4-26,0
15,B2,18141,CC,Untreated,17,22-4-12,22-4-26,0
15,B3,18141,CC,Untreated,17,22-4-12,22-4-26,0
15,B1,18141,CC,Untreated,18,22-4-26,22-5-10,NA
15,B2,18141,CC,Untreated,18,22-4-26,22-5-10,NA
15,B3,18141,CC,Untreated,18,22-4-26,22-5-10,0
15,B1,18141,CC,Untreated,19,22-5-10,22-5-24,0
15,B2,18141,CC,Untreated,19,22-5-10,22-5-24,0
15,B3,18141,CC,Untreated,19,22-5-10,22-5-24,0
15,B1,18141,CC,Untreated,20,22-5-24,22-6-7,0
15,B2,18141,CC,Untreated,20,22-5-24,22-6-7,0
15,B3,18141,CC,Untreated,20,22-5-24,22-6-7,0
15,B1,18141,CC,Untreated,21,22-6-7,22-6-21,0
15,B2,18141,CC,Untreated,21,22-6-7,22-6-21,0
15,B3,18141,CC,Untreated,21,22-6-7,22-6-21,0
15,B1,18141,CC,Untreated,22,22-7-6,22-8-1,0
15,B2,18141,CC,Untreated,22,22-7-6,22-8-1,0
15,B3,18141,CC,Untreated,22,22-7-6,22-8-1,0
15,B1,18141,CC,Untreated,23,22-8-1,22-8-24,0
15,B2,18141,CC,Untreated,23,22-8-1,22-8-24,0
15,B3,18141,CC,Untreated,23,22-8-1,22-8-24,0
16,B1,18140,CC,Treated,1,21-10-20,21-10-28,0
16,B2,18140,CC,Treated,1,21-10-20,21-10-28,0
16,B3,18140,CC,Treated,1,21-10-20,21-10-28,0
16,B1,18140,CC,Treated,2,21-10-28,21-11-5,0
16,B2,18140,CC,Treated,2,21-10-28,21-11-5,0
16,B3,18140,CC,Treated,2,21-10-28,21-11-5,0
16,B1,18140,CC,Treated,3,21-11-5,21-11-9,0
16,B2,18140,CC,Treated,3,21-11-5,21-11-9,0
16,B3,18140,CC,Treated,3,21-11-5,21-11-9,0
16,B1,18140,CC,Treated,4,21-11-9,21-11-18,0
16,B2,18140,CC,Treated,4,21-11-9,21-11-18,0
16,B3,18140,CC,Treated,4,21-11-9,21-11-18,0
16,B1,18140,CC,Treated,5,21-11-18,21-11-29,0
16,B2,18140,CC,Treated,5,21-11-18,21-11-29,0
16,B3,18140,CC,Treated,5,21-11-18,21-11-29,0
16,B1,18140,CC,Treated,6,21-11-29,21-12-6,0
16,B2,18140,CC,Treated,6,21-11-29,21-12-6,0
16,B3,18140,CC,Treated,6,21-11-29,21-12-6,0
16,B1,18140,CC,Treated,7,21-12-6,21-12-13,1
16,B2,18140,CC,Treated,7,21-12-6,21-12-13,0
16,B3,18140,CC,Treated,7,21-12-6,21-12-13,0
16,B1,18140,CC,Treated,8,21-12-13,21-12-20,0
16,B2,18140,CC,Treated,8,21-12-13,21-12-20,0
16,B3,18140,CC,Treated,8,21-12-13,21-12-20,0
16,B1,18140,CC,Treated,9,21-12-20,21-1-7,0
16,B2,18140,CC,Treated,9,21-12-20,21-1-7,0
16,B3,18140,CC,Treated,9,21-12-20,21-1-7,0
16,B1,18140,CC,Treated,10,21-1-7,22-1-18,0
16,B2,18140,CC,Treated,10,21-1-7,22-1-18,0
16,B3,18140,CC,Treated,10,21-1-7,22-1-18,0
16,B1,18140,CC,Treated,11,22-1-18,22-2-1,0
16,B2,18140,CC,Treated,11,22-1-18,22-2-1,0
16,B3,18140,CC,Treated,11,22-1-18,22-2-1,0
16,B1,18140,CC,Treated,12,22-2-1,22-2-15,0
16,B2,18140,CC,Treated,12,22-2-1,22-2-15,0
16,B3,18140,CC,Treated,12,22-2-1,22-2-15,0
16,B1,18140,CC,Treated,13,22-2-15,22-3-1,0
16,B2,18140,CC,Treated,13,22-2-15,22-3-1,0
16,B3,18140,CC,Treated,13,22-2-15,22-3-1,0
16,B1,18140,CC,Treated,14,22-3-1,22-3-15,0
16,B2,18140,CC,Treated,14,22-3-1,22-3-15,0
16,B3,18140,CC,Treated,14,22-3-1,22-3-15,0
16,B1,18140,CC,Treated,15,22-3-15,22-3-29,0
16,B2,18140,CC,Treated,15,22-3-15,22-3-29,0
16,B3,18140,CC,Treated,15,22-3-15,22-3-29,0
16,B1,18140,CC,Treated,16,22-3-29,22-4-12,0
16,B2,18140,CC,Treated,16,22-3-29,22-4-12,0
16,B3,18140,CC,Treated,16,22-3-29,22-4-12,0
16,B1,18140,CC,Treated,17,22-4-12,22-4-26,0
16,B2,18140,CC,Treated,17,22-4-12,22-4-26,0
16,B3,18140,CC,Treated,17,22-4-12,22-4-26,0
16,B1,18140,CC,Treated,18,22-4-26,22-5-10,0
16,B2,18140,CC,Treated,18,22-4-26,22-5-10,0
16,B3,18140,CC,Treated,18,22-4-26,22-5-10,0
16,B1,18140,CC,Treated,19,22-5-10,22-5-24,0
16,B2,18140,CC,Treated,19,22-5-10,22-5-24,2
16,B3,18140,CC,Treated,19,22-5-10,22-5-24,0
16,B1,18140,CC,Treated,20,22-5-24,22-6-7,0
16,B2,18140,CC,Treated,20,22-5-24,22-6-7,0
16,B3,18140,CC,Treated,20,22-5-24,22-6-7,0
16,B1,18140,CC,Treated,21,22-6-7,22-6-21,0
16,B2,18140,CC,Treated,21,22-6-7,22-6-21,0
16,B3,18140,CC,Treated,21,22-6-7,22-6-21,0
16,B1,18140,CC,Treated,22,22-7-6,22-8-1,0
16,B2,18140,CC,Treated,22,22-7-6,22-8-1,0
16,B3,18140,CC,Treated,22,22-7-6,22-8-1,0
16,B1,18140,CC,Treated,23,22-8-1,22-8-24,0
16,B2,18140,CC,Treated,23,22-8-1,22-8-24,0
16,B3,18140,CC,Treated,23,22-8-1,22-8-24,0
17,B1,18006,CC,Untreated,1,21-10-20,21-10-28,0
17,B2,18006,CC,Untreated,1,21-10-20,21-10-28,1
17,B3,18006,CC,Untreated,1,21-10-20,21-10-28,3
17,B1,18006,CC,Untreated,2,21-10-28,21-11-5,0
17,B2,18006,CC,Untreated,2,21-10-28,21-11-5,0
17,B3,18006,CC,Untreated,2,21-10-28,21-11-5,0
17,B1,18006,CC,Untreated,3,21-11-5,21-11-9,0
17,B2,18006,CC,Untreated,3,21-11-5,21-11-9,3
17,B3,18006,CC,Untreated,3,21-11-5,21-11-9,0
17,B1,18006,CC,Untreated,4,21-11-9,21-11-18,0
17,B2,18006,CC,Untreated,4,21-11-9,21-11-18,0
17,B3,18006,CC,Untreated,4,21-11-9,21-11-18,0
17,B1,18006,CC,Untreated,5,21-11-18,21-11-29,0
17,B2,18006,CC,Untreated,5,21-11-18,21-11-29,0
17,B3,18006,CC,Untreated,5,21-11-18,21-11-29,0
17,B1,18006,CC,Untreated,6,21-11-29,21-12-6,0
17,B2,18006,CC,Untreated,6,21-11-29,21-12-6,0
17,B3,18006,CC,Untreated,6,21-11-29,21-12-6,0
17,B1,18006,CC,Untreated,7,21-12-6,21-12-13,0
17,B2,18006,CC,Untreated,7,21-12-6,21-12-13,0
17,B3,18006,CC,Untreated,7,21-12-6,21-12-13,0
17,B1,18006,CC,Untreated,8,21-12-13,21-12-20,0
17,B2,18006,CC,Untreated,8,21-12-13,21-12-20,0
17,B3,18006,CC,Untreated,8,21-12-13,21-12-20,1
17,B1,18006,CC,Untreated,9,21-12-20,21-1-7,0
17,B2,18006,CC,Untreated,9,21-12-20,21-1-7,0
17,B3,18006,CC,Untreated,9,21-12-20,21-1-7,0
17,B1,18006,CC,Untreated,10,21-1-7,22-1-18,0
17,B2,18006,CC,Untreated,10,21-1-7,22-1-18,0
17,B3,18006,CC,Untreated,10,21-1-7,22-1-18,0
17,B1,18006,CC,Untreated,11,22-1-18,22-2-1,0
17,B2,18006,CC,Untreated,11,22-1-18,22-2-1,0
17,B3,18006,CC,Untreated,11,22-1-18,22-2-1,0
17,B1,18006,CC,Untreated,12,22-2-1,22-2-15,0
17,B2,18006,CC,Untreated,12,22-2-1,22-2-15,0
17,B3,18006,CC,Untreated,12,22-2-1,22-2-15,0
17,B1,18006,CC,Untreated,13,22-2-15,22-3-1,0
17,B2,18006,CC,Untreated,13,22-2-15,22-3-1,0
17,B3,18006,CC,Untreated,13,22-2-15,22-3-1,0
17,B1,18006,CC,Untreated,14,22-3-1,22-3-15,0
17,B2,18006,CC,Untreated,14,22-3-1,22-3-15,0
17,B3,18006,CC,Untreated,14,22-3-1,22-3-15,0
17,B1,18006,CC,Untreated,15,22-3-15,22-3-29,0
17,B2,18006,CC,Untreated,15,22-3-15,22-3-29,0
17,B3,18006,CC,Untreated,15,22-3-15,22-3-29,0
17,B1,18006,CC,Untreated,16,22-3-29,22-4-12,0
17,B2,18006,CC,Untreated,16,22-3-29,22-4-12,0
17,B3,18006,CC,Untreated,16,22-3-29,22-4-12,0
17,B1,18006,CC,Untreated,17,22-4-12,22-4-26,0
17,B2,18006,CC,Untreated,17,22-4-12,22-4-26,0
17,B3,18006,CC,Untreated,17,22-4-12,22-4-26,2
17,B1,18006,CC,Untreated,18,22-4-26,22-5-10,NA
17,B2,18006,CC,Untreated,18,22-4-26,22-5-10,NA
17,B3,18006,CC,Untreated,18,22-4-26,22-5-10,NA
17,B1,18006,CC,Untreated,19,22-5-10,22-5-24,0
17,B2,18006,CC,Untreated,19,22-5-10,22-5-24,0
17,B3,18006,CC,Untreated,19,22-5-10,22-5-24,0
17,B1,18006,CC,Untreated,20,22-5-24,22-6-7,0
17,B2,18006,CC,Untreated,20,22-5-24,22-6-7,0
17,B3,18006,CC,Untreated,20,22-5-24,22-6-7,1
17,B1,18006,CC,Untreated,21,22-6-7,22-6-21,0
17,B2,18006,CC,Untreated,21,22-6-7,22-6-21,0
17,B3,18006,CC,Untreated,21,22-6-7,22-6-21,2
17,B1,18006,CC,Untreated,22,22-7-6,22-8-1,0
17,B2,18006,CC,Untreated,22,22-7-6,22-8-1,0
17,B3,18006,CC,Untreated,22,22-7-6,22-8-1,0
17,B1,18006,CC,Untreated,23,22-8-1,22-8-24,0
17,B2,18006,CC,Untreated,23,22-8-1,22-8-24,0
17,B3,18006,CC,Untreated,23,22-8-1,22-8-24,0
18,B1,18145,CC,Treated,1,21-10-20,21-10-28,0
18,B2,18145,CC,Treated,1,21-10-20,21-10-28,0
18,B3,18145,CC,Treated,1,21-10-20,21-10-28,0
18,B1,18145,CC,Treated,2,21-10-28,21-11-5,0
18,B2,18145,CC,Treated,2,21-10-28,21-11-5,0
18,B3,18145,CC,Treated,2,21-10-28,21-11-5,1
18,B1,18145,CC,Treated,3,21-11-5,21-11-9,0
18,B2,18145,CC,Treated,3,21-11-5,21-11-9,1
18,B3,18145,CC,Treated,3,21-11-5,21-11-9,0
18,B1,18145,CC,Treated,4,21-11-9,21-11-18,0
18,B2,18145,CC,Treated,4,21-11-9,21-11-18,0
18,B3,18145,CC,Treated,4,21-11-9,21-11-18,0
18,B1,18145,CC,Treated,5,21-11-18,21-11-29,0
18,B2,18145,CC,Treated,5,21-11-18,21-11-29,0
18,B3,18145,CC,Treated,5,21-11-18,21-11-29,0
18,B1,18145,CC,Treated,6,21-11-29,21-12-6,0
18,B2,18145,CC,Treated,6,21-11-29,21-12-6,0
18,B3,18145,CC,Treated,6,21-11-29,21-12-6,0
18,B1,18145,CC,Treated,7,21-12-6,21-12-13,0
18,B2,18145,CC,Treated,7,21-12-6,21-12-13,3
18,B3,18145,CC,Treated,7,21-12-6,21-12-13,0
18,B1,18145,CC,Treated,8,21-12-13,21-12-20,0
18,B2,18145,CC,Treated,8,21-12-13,21-12-20,0
18,B3,18145,CC,Treated,8,21-12-13,21-12-20,3
18,B1,18145,CC,Treated,9,21-12-20,21-1-6,0
18,B2,18145,CC,Treated,9,21-12-20,21-1-6,3
18,B3,18145,CC,Treated,9,21-12-20,21-1-6,0
18,B1,18145,CC,Treated,10,21-1-6,22-1-18,0
18,B2,18145,CC,Treated,10,21-1-6,22-1-18,1
18,B3,18145,CC,Treated,10,21-1-6,22-1-18,0
18,B1,18145,CC,Treated,11,22-1-18,22-2-1,0
18,B2,18145,CC,Treated,11,22-1-18,22-2-1,0
18,B3,18145,CC,Treated,11,22-1-18,22-2-1,0
18,B1,18145,CC,Treated,12,22-2-1,22-2-15,0
18,B2,18145,CC,Treated,12,22-2-1,22-2-15,0
18,B3,18145,CC,Treated,12,22-2-1,22-2-15,0
18,B1,18145,CC,Treated,13,22-2-15,22-3-1,0
18,B2,18145,CC,Treated,13,22-2-15,22-3-1,1
18,B3,18145,CC,Treated,13,22-2-15,22-3-1,0
18,B1,18145,CC,Treated,14,22-3-1,22-3-15,0
18,B2,18145,CC,Treated,14,22-3-1,22-3-15,2
18,B3,18145,CC,Treated,14,22-3-1,22-3-15,0
18,B1,18145,CC,Treated,15,22-3-15,22-3-29,0
18,B2,18145,CC,Treated,15,22-3-15,22-3-29,0
18,B3,18145,CC,Treated,15,22-3-15,22-3-29,0
18,B1,18145,CC,Treated,16,22-3-29,22-4-12,0
18,B2,18145,CC,Treated,16,22-3-29,22-4-12,0
18,B3,18145,CC,Treated,16,22-3-29,22-4-12,0
18,B1,18145,CC,Treated,17,22-4-12,22-4-26,1
18,B2,18145,CC,Treated,17,22-4-12,22-4-26,1
18,B3,18145,CC,Treated,17,22-4-12,22-4-26,3
18,B1,18145,CC,Treated,18,22-4-26,22-5-10,0
18,B2,18145,CC,Treated,18,22-4-26,22-5-10,0
18,B3,18145,CC,Treated,18,22-4-26,22-5-10,0
18,B1,18145,CC,Treated,19,22-5-10,22-5-24,0
18,B2,18145,CC,Treated,19,22-5-10,22-5-24,3
18,B3,18145,CC,Treated,19,22-5-10,22-5-24,3
18,B1,18145,CC,Treated,20,22-5-24,22-6-7,0
18,B2,18145,CC,Treated,20,22-5-24,22-6-7,2
18,B3,18145,CC,Treated,20,22-5-24,22-6-7,0
18,B1,18145,CC,Treated,21,22-6-7,22-6-21,0
18,B2,18145,CC,Treated,21,22-6-7,22-6-21,3
18,B3,18145,CC,Treated,21,22-6-7,22-6-21,0
18,B1,18145,CC,Treated,22,22-7-6,22-8-1,0
18,B2,18145,CC,Treated,22,22-7-6,22-8-1,0
18,B3,18145,CC,Treated,22,22-7-6,22-8-1,0
18,B1,18145,CC,Treated,23,22-8-1,22-8-24,0
18,B2,18145,CC,Treated,23,22-8-1,22-8-24,0
18,B3,18145,CC,Treated,23,22-8-1,22-8-24,0
19,B1,18144,CC,Untreated,1,21-10-20,21-10-28,0
19,B2,18144,CC,Untreated,1,21-10-20,21-10-28,3
19,B3,18144,CC,Untreated,1,21-10-20,21-10-28,0
19,B1,18144,CC,Untreated,2,21-10-28,21-11-5,0
19,B2,18144,CC,Untreated,2,21-10-28,21-11-5,3
19,B3,18144,CC,Untreated,2,21-10-28,21-11-5,0
19,B1,18144,CC,Untreated,3,21-11-5,21-11-9,0
19,B2,18144,CC,Untreated,3,21-11-5,21-11-9,3
19,B3,18144,CC,Untreated,3,21-11-5,21-11-9,0
19,B1,18144,CC,Untreated,4,21-11-9,21-11-18,0
19,B2,18144,CC,Untreated,4,21-11-9,21-11-18,2
19,B3,18144,CC,Untreated,4,21-11-9,21-11-18,0
19,B1,18144,CC,Untreated,5,21-11-18,21-11-29,0
19,B2,18144,CC,Untreated,5,21-11-18,21-11-29,0
19,B3,18144,CC,Untreated,5,21-11-18,21-11-29,0
19,B1,18144,CC,Untreated,6,21-11-29,21-12-6,0
19,B2,18144,CC,Untreated,6,21-11-29,21-12-6,0
19,B3,18144,CC,Untreated,6,21-11-29,21-12-6,0
19,B1,18144,CC,Untreated,7,21-12-6,21-12-13,0
19,B2,18144,CC,Untreated,7,21-12-6,21-12-13,2
19,B3,18144,CC,Untreated,7,21-12-6,21-12-13,0
19,B1,18144,CC,Untreated,8,21-12-13,21-12-20,0
19,B2,18144,CC,Untreated,8,21-12-13,21-12-20,1
19,B3,18144,CC,Untreated,8,21-12-13,21-12-20,0
19,B1,18144,CC,Untreated,9,21-12-20,21-1-6,0
19,B2,18144,CC,Untreated,9,21-12-20,21-1-6,3
19,B3,18144,CC,Untreated,9,21-12-20,21-1-6,1
19,B1,18144,CC,Untreated,10,21-1-6,22-1-18,0
19,B2,18144,CC,Untreated,10,21-1-6,22-1-18,0
19,B3,18144,CC,Untreated,10,21-1-6,22-1-18,0
19,B1,18144,CC,Untreated,11,22-1-18,22-2-1,0
19,B2,18144,CC,Untreated,11,22-1-18,22-2-1,0
19,B3,18144,CC,Untreated,11,22-1-18,22-2-1,0
19,B1,18144,CC,Untreated,12,22-2-1,22-2-15,0
19,B2,18144,CC,Untreated,12,22-2-1,22-2-15,0
19,B3,18144,CC,Untreated,12,22-2-1,22-2-15,0
19,B1,18144,CC,Untreated,13,22-2-15,22-3-1,0
19,B2,18144,CC,Untreated,13,22-2-15,22-3-1,1
19,B3,18144,CC,Untreated,13,22-2-15,22-3-1,0
19,B1,18144,CC,Untreated,14,22-3-1,22-3-15,0
19,B2,18144,CC,Untreated,14,22-3-1,22-3-15,2
19,B3,18144,CC,Untreated,14,22-3-1,22-3-15,0
19,B1,18144,CC,Untreated,15,22-3-15,22-3-29,0
19,B2,18144,CC,Untreated,15,22-3-15,22-3-29,0
19,B3,18144,CC,Untreated,15,22-3-15,22-3-29,0
19,B1,18144,CC,Untreated,16,22-3-29,22-4-12,0
19,B2,18144,CC,Untreated,16,22-3-29,22-4-12,1
19,B3,18144,CC,Untreated,16,22-3-29,22-4-12,0
19,B1,18144,CC,Untreated,17,22-4-12,22-4-26,3
19,B2,18144,CC,Untreated,17,22-4-12,22-4-26,3
19,B3,18144,CC,Untreated,17,22-4-12,22-4-26,3
19,B1,18144,CC,Untreated,18,22-4-26,22-5-10,3
19,B2,18144,CC,Untreated,18,22-4-26,22-5-10,3
19,B3,18144,CC,Untreated,18,22-4-26,22-5-10,3
19,B1,18144,CC,Untreated,19,22-5-10,22-5-24,0
19,B2,18144,CC,Untreated,19,22-5-10,22-5-24,3
19,B3,18144,CC,Untreated,19,22-5-10,22-5-24,3
19,B1,18144,CC,Untreated,20,22-5-24,22-6-7,0
19,B2,18144,CC,Untreated,20,22-5-24,22-6-7,3
19,B3,18144,CC,Untreated,20,22-5-24,22-6-7,0
19,B1,18144,CC,Untreated,21,22-6-7,22-6-21,0
19,B2,18144,CC,Untreated,21,22-6-7,22-6-21,3
19,B3,18144,CC,Untreated,21,22-6-7,22-6-21,2
19,B1,18144,CC,Untreated,22,22-7-6,22-8-1,0
19,B2,18144,CC,Untreated,22,22-7-6,22-8-1,3
19,B3,18144,CC,Untreated,22,22-7-6,22-8-1,0
19,B1,18144,CC,Untreated,23,22-8-1,22-8-24,0
19,B2,18144,CC,Untreated,23,22-8-1,22-8-24,3
19,B3,18144,CC,Untreated,23,22-8-1,22-8-24,0
20,B1,18143,CC,Treated,1,21-10-20,21-10-28,0
20,B2,18143,CC,Treated,1,21-10-20,21-10-28,0
20,B3,18143,CC,Treated,1,21-10-20,21-10-28,0
20,B1,18143,CC,Treated,2,21-10-28,21-11-5,0
20,B2,18143,CC,Treated,2,21-10-28,21-11-5,0
20,B3,18143,CC,Treated,2,21-10-28,21-11-5,0
20,B1,18143,CC,Treated,3,21-11-5,21-11-9,0
20,B2,18143,CC,Treated,3,21-11-5,21-11-9,0
20,B3,18143,CC,Treated,3,21-11-5,21-11-9,0
20,B1,18143,CC,Treated,4,21-11-9,21-11-18,0
20,B2,18143,CC,Treated,4,21-11-9,21-11-18,0
20,B3,18143,CC,Treated,4,21-11-9,21-11-18,0
20,B1,18143,CC,Treated,5,21-11-18,21-11-29,0
20,B2,18143,CC,Treated,5,21-11-18,21-11-29,0
20,B3,18143,CC,Treated,5,21-11-18,21-11-29,0
20,B1,18143,CC,Treated,7,21-12-6,21-12-13,0
20,B2,18143,CC,Treated,7,21-12-6,21-12-13,0
20,B3,18143,CC,Treated,7,21-12-6,21-12-13,0
20,B1,18143,CC,Treated,8,21-12-13,21-12-20,0
20,B2,18143,CC,Treated,8,21-12-13,21-12-20,0
20,B3,18143,CC,Treated,8,21-12-13,21-12-20,0
20,B1,18143,CC,Treated,9,21-12-20,21-1-6,0
20,B2,18143,CC,Treated,9,21-12-20,21-1-6,0
20,B3,18143,CC,Treated,9,21-12-20,21-1-6,0
20,B1,18143,CC,Treated,10,21-1-6,22-1-18,0
20,B2,18143,CC,Treated,10,21-1-6,22-1-18,0
20,B3,18143,CC,Treated,10,21-1-6,22-1-18,0
20,B1,18143,CC,Treated,11,22-1-18,22-2-1,0
20,B2,18143,CC,Treated,11,22-1-18,22-2-1,0
20,B3,18143,CC,Treated,11,22-1-18,22-2-1,0
20,B1,18143,CC,Treated,12,22-2-1,22-2-15,0
20,B2,18143,CC,Treated,12,22-2-1,22-2-15,0
20,B3,18143,CC,Treated,12,22-2-1,22-2-15,0
20,B1,18143,CC,Treated,13,22-2-15,22-3-1,0
20,B2,18143,CC,Treated,13,22-2-15,22-3-1,0
20,B3,18143,CC,Treated,13,22-2-15,22-3-1,0
20,B1,18143,CC,Treated,14,22-3-1,22-3-15,0
20,B2,18143,CC,Treated,14,22-3-1,22-3-15,0
20,B3,18143,CC,Treated,14,22-3-1,22-3-15,0
20,B1,18143,CC,Treated,15,22-3-15,22-3-29,0
20,B2,18143,CC,Treated,15,22-3-15,22-3-29,0
20,B3,18143,CC,Treated,15,22-3-15,22-3-29,0
20,B1,18143,CC,Treated,16,22-3-29,22-4-12,0
20,B2,18143,CC,Treated,16,22-3-29,22-4-12,0
20,B3,18143,CC,Treated,16,22-3-29,22-4-12,0
20,B1,18143,CC,Treated,17,22-4-12,22-4-26,0
20,B2,18143,CC,Treated,17,22-4-12,22-4-26,0
20,B3,18143,CC,Treated,17,22-4-12,22-4-26,0
20,B1,18143,CC,Treated,18,22-4-26,22-5-10,0
20,B2,18143,CC,Treated,18,22-4-26,22-5-10,0
20,B3,18143,CC,Treated,18,22-4-26,22-5-10,0
20,B1,18143,CC,Treated,19,22-5-10,22-5-24,0
20,B2,18143,CC,Treated,19,22-5-10,22-5-24,0
20,B3,18143,CC,Treated,19,22-5-10,22-5-24,0
20,B1,18143,CC,Treated,20,22-5-24,22-6-7,0
20,B2,18143,CC,Treated,20,22-5-24,22-6-7,0
20,B3,18143,CC,Treated,20,22-5-24,22-6-7,0
20,B1,18143,CC,Treated,21,22-6-7,22-6-21,0
20,B2,18143,CC,Treated,21,22-6-7,22-6-21,0
20,B3,18143,CC,Treated,21,22-6-7,22-6-21,0
20,B1,18143,CC,Treated,22,22-7-6,22-8-1,0
20,B2,18143,CC,Treated,22,22-7-6,22-8-1,0
20,B3,18143,CC,Treated,22,22-7-6,22-8-1,0
20,B1,18143,CC,Treated,23,22-8-1,22-8-24,0
20,B2,18143,CC,Treated,23,22-8-1,22-8-24,0
20,B3,18143,CC,Treated,23,22-8-1,22-8-24,0
21,B1,18108,CC,Untreated,1,21-10-20,21-10-28,0
21,B2,18108,CC,Untreated,1,21-10-20,21-10-28,0
21,B3,18108,CC,Untreated,1,21-10-20,21-10-28,0
21,B1,18108,CC,Untreated,2,21-10-28,21-11-5,0
21,B2,18108,CC,Untreated,2,21-10-28,21-11-5,0
21,B3,18108,CC,Untreated,2,21-10-28,21-11-5,0
21,B1,18108,CC,Untreated,3,21-11-5,21-11-9,0
21,B2,18108,CC,Untreated,3,21-11-5,21-11-9,0
21,B3,18108,CC,Untreated,3,21-11-5,21-11-9,0
21,B1,18108,CC,Untreated,4,21-11-9,21-11-18,0
21,B2,18108,CC,Untreated,4,21-11-9,21-11-18,0
21,B3,18108,CC,Untreated,4,21-11-9,21-11-18,0
21,B1,18108,CC,Untreated,5,21-11-18,21-11-29,0
21,B2,18108,CC,Untreated,5,21-11-18,21-11-29,0
21,B3,18108,CC,Untreated,5,21-11-18,21-11-29,0
21,B1,18108,CC,Untreated,6,21-11-29,21-12-6,0
21,B2,18108,CC,Untreated,6,21-11-29,21-12-6,0
21,B3,18108,CC,Untreated,6,21-11-29,21-12-6,0
21,B1,18108,CC,Untreated,7,21-12-6,21-12-13,0
21,B2,18108,CC,Untreated,7,21-12-6,21-12-13,0
21,B3,18108,CC,Untreated,7,21-12-6,21-12-13,0
21,B1,18108,CC,Untreated,8,21-12-13,21-12-20,0
21,B2,18108,CC,Untreated,8,21-12-13,21-12-20,0
21,B3,18108,CC,Untreated,8,21-12-13,21-12-20,0
21,B1,18108,CC,Untreated,9,21-12-20,21-1-6,0
21,B2,18108,CC,Untreated,9,21-12-20,21-1-6,0
21,B3,18108,CC,Untreated,9,21-12-20,21-1-6,0
21,B1,18108,CC,Untreated,10,21-1-6,22-1-18,0
21,B2,18108,CC,Untreated,10,21-1-6,22-1-18,0
21,B3,18108,CC,Untreated,10,21-1-6,22-1-18,0
21,B1,18108,CC,Untreated,11,22-1-18,22-2-1,0
21,B2,18108,CC,Untreated,11,22-1-18,22-2-1,0
21,B3,18108,CC,Untreated,11,22-1-18,22-2-1,0
21,B1,18108,CC,Untreated,12,22-2-1,22-2-15,0
21,B2,18108,CC,Untreated,12,22-2-1,22-2-15,0
21,B3,18108,CC,Untreated,12,22-2-1,22-2-15,0
21,B1,18108,CC,Untreated,13,22-2-15,22-3-1,0
21,B2,18108,CC,Untreated,13,22-2-15,22-3-1,0
21,B3,18108,CC,Untreated,13,22-2-15,22-3-1,0
21,B1,18108,CC,Untreated,14,22-3-1,22-3-15,0
21,B2,18108,CC,Untreated,14,22-3-1,22-3-15,0
21,B3,18108,CC,Untreated,14,22-3-1,22-3-15,0
21,B1,18108,CC,Untreated,15,22-3-15,22-3-29,0
21,B2,18108,CC,Untreated,15,22-3-15,22-3-29,0
21,B3,18108,CC,Untreated,15,22-3-15,22-3-29,0
21,B1,18108,CC,Untreated,16,22-3-29,22-4-12,0
21,B2,18108,CC,Untreated,16,22-3-29,22-4-12,0
21,B3,18108,CC,Untreated,16,22-3-29,22-4-12,0
21,B1,18108,CC,Untreated,17,22-4-12,22-4-26,0
21,B2,18108,CC,Untreated,17,22-4-12,22-4-26,0
21,B3,18108,CC,Untreated,17,22-4-12,22-4-26,0
21,B1,18108,CC,Untreated,18,22-4-26,22-5-10,0
21,B2,18108,CC,Untreated,18,22-4-26,22-5-10,0
21,B3,18108,CC,Untreated,18,22-4-26,22-5-10,0
21,B1,18108,CC,Untreated,19,22-5-10,22-5-24,0
21,B2,18108,CC,Untreated,19,22-5-10,22-5-24,0
21,B3,18108,CC,Untreated,19,22-5-10,22-5-24,0
21,B1,18108,CC,Untreated,20,22-5-24,22-6-7,0
21,B2,18108,CC,Untreated,20,22-5-24,22-6-7,0
21,B3,18108,CC,Untreated,20,22-5-24,22-6-7,0
21,B1,18108,CC,Untreated,21,22-6-7,22-6-21,0
21,B2,18108,CC,Untreated,21,22-6-7,22-6-21,0
21,B3,18108,CC,Untreated,21,22-6-7,22-6-21,0
21,B1,18108,CC,Untreated,22,22-7-6,22-8-1,0
21,B2,18108,CC,Untreated,22,22-7-6,22-8-1,0
21,B3,18108,CC,Untreated,22,22-7-6,22-8-1,0
21,B1,18108,CC,Untreated,23,22-8-1,22-8-24,0
21,B2,18108,CC,Untreated,23,22-8-1,22-8-24,0
21,B3,18108,CC,Untreated,23,22-8-1,22-8-24,0
22,B1,18049,CC,Treated,1,21-10-20,21-10-28,0
22,B2,18049,CC,Treated,1,21-10-20,21-10-28,0
22,B3,18049,CC,Treated,1,21-10-20,21-10-28,0
22,B1,18049,CC,Treated,2,21-10-28,21-11-5,0
22,B2,18049,CC,Treated,2,21-10-28,21-11-5,0
22,B3,18049,CC,Treated,2,21-10-28,21-11-5,0
22,B1,18049,CC,Treated,3,21-11-5,21-11-9,0
22,B2,18049,CC,Treated,3,21-11-5,21-11-9,0
22,B3,18049,CC,Treated,3,21-11-5,21-11-9,0
22,B1,18049,CC,Treated,4,21-11-9,21-11-18,0
22,B2,18049,CC,Treated,4,21-11-9,21-11-18,0
22,B3,18049,CC,Treated,4,21-11-9,21-11-18,0
22,B1,18049,CC,Treated,5,21-11-18,21-11-29,0
22,B2,18049,CC,Treated,5,21-11-18,21-11-29,0
22,B3,18049,CC,Treated,5,21-11-18,21-11-29,0
22,B1,18049,CC,Treated,6,21-11-29,21-12-6,0
22,B2,18049,CC,Treated,6,21-11-29,21-12-6,0
22,B3,18049,CC,Treated,6,21-11-29,21-12-6,0
22,B1,18049,CC,Treated,7,21-12-6,21-12-13,0
22,B2,18049,CC,Treated,7,21-12-6,21-12-13,0
22,B3,18049,CC,Treated,7,21-12-6,21-12-13,0
22,B1,18049,CC,Treated,8,21-12-13,21-12-20,0
22,B2,18049,CC,Treated,8,21-12-13,21-12-20,0
22,B3,18049,CC,Treated,8,21-12-13,21-12-20,0
22,B1,18049,CC,Treated,9,21-12-20,21-1-6,0
22,B2,18049,CC,Treated,9,21-12-20,21-1-6,0
22,B3,18049,CC,Treated,9,21-12-20,21-1-6,0
22,B1,18049,CC,Treated,10,21-1-6,22-1-18,0
22,B2,18049,CC,Treated,10,21-1-6,22-1-18,0
22,B3,18049,CC,Treated,10,21-1-6,22-1-18,0
22,B1,18049,CC,Treated,11,22-1-18,22-2-1,0
22,B2,18049,CC,Treated,11,22-1-18,22-2-1,0
22,B3,18049,CC,Treated,11,22-1-18,22-2-1,0
22,B1,18049,CC,Treated,12,22-2-1,22-2-15,0
22,B2,18049,CC,Treated,12,22-2-1,22-2-15,0
22,B3,18049,CC,Treated,12,22-2-1,22-2-15,0
22,B1,18049,CC,Treated,13,22-2-15,22-3-1,0
22,B2,18049,CC,Treated,13,22-2-15,22-3-1,0
22,B3,18049,CC,Treated,13,22-2-15,22-3-1,0
22,B1,18049,CC,Treated,14,22-3-1,22-3-15,0
22,B2,18049,CC,Treated,14,22-3-1,22-3-15,0
22,B3,18049,CC,Treated,14,22-3-1,22-3-15,0
22,B1,18049,CC,Treated,15,22-3-15,22-3-29,0
22,B2,18049,CC,Treated,15,22-3-15,22-3-29,0
22,B3,18049,CC,Treated,15,22-3-15,22-3-29,0
22,B1,18049,CC,Treated,16,22-3-29,22-4-12,0
22,B2,18049,CC,Treated,16,22-3-29,22-4-12,0
22,B3,18049,CC,Treated,16,22-3-29,22-4-12,0
22,B1,18049,CC,Treated,17,22-4-12,22-4-26,0
22,B2,18049,CC,Treated,17,22-4-12,22-4-26,0
22,B3,18049,CC,Treated,17,22-4-12,22-4-26,0
22,B1,18049,CC,Treated,18,22-4-26,22-5-10,0
22,B2,18049,CC,Treated,18,22-4-26,22-5-10,0
22,B3,18049,CC,Treated,18,22-4-26,22-5-10,0
22,B1,18049,CC,Treated,19,22-5-10,22-5-24,0
22,B2,18049,CC,Treated,19,22-5-10,22-5-24,0
22,B3,18049,CC,Treated,19,22-5-10,22-5-24,0
22,B1,18049,CC,Treated,20,22-5-24,22-6-7,0
22,B2,18049,CC,Treated,20,22-5-24,22-6-7,0
22,B3,18049,CC,Treated,20,22-5-24,22-6-7,0
22,B1,18049,CC,Treated,21,22-6-7,22-6-21,0
22,B2,18049,CC,Treated,21,22-6-7,22-6-21,0
22,B3,18049,CC,Treated,21,22-6-7,22-6-21,0
22,B1,18049,CC,Treated,22,22-7-6,22-8-1,0
22,B2,18049,CC,Treated,22,22-7-6,22-8-1,0
22,B3,18049,CC,Treated,22,22-7-6,22-8-1,0
22,B1,18049,CC,Treated,23,22-8-1,22-8-24,0
22,B2,18049,CC,Treated,23,22-8-1,22-8-24,0
22,B3,18049,CC,Treated,23,22-8-1,22-8-24,0
23,B1,18130,CC,Untreated,1,21-10-20,21-10-28,1
23,B2,18130,CC,Untreated,1,21-10-20,21-10-28,0
23,B3,18130,CC,Untreated,1,21-10-20,21-10-28,3
23,B1,18130,CC,Untreated,2,21-10-28,21-11-5,1
23,B2,18130,CC,Untreated,2,21-10-28,21-11-5,1
23,B3,18130,CC,Untreated,2,21-10-28,21-11-5,1
23,B1,18130,CC,Untreated,3,21-11-5,21-11-9,2
23,B2,18130,CC,Untreated,3,21-11-5,21-11-9,0
23,B3,18130,CC,Untreated,3,21-11-5,21-11-9,3
23,B1,18130,CC,Untreated,4,21-11-9,21-11-18,0
23,B2,18130,CC,Untreated,4,21-11-9,21-11-18,0
23,B3,18130,CC,Untreated,4,21-11-9,21-11-18,0
23,B1,18130,CC,Untreated,5,21-11-18,21-11-29,0
23,B2,18130,CC,Untreated,5,21-11-18,21-11-29,0
23,B3,18130,CC,Untreated,5,21-11-18,21-11-29,0
23,B1,18130,CC,Untreated,6,21-11-29,21-12-6,0
23,B2,18130,CC,Untreated,6,21-11-29,21-12-6,0
23,B3,18130,CC,Untreated,6,21-11-29,21-12-6,0
23,B1,18130,CC,Untreated,7,21-12-6,21-12-13,0
23,B2,18130,CC,Untreated,7,21-12-6,21-12-13,0
23,B3,18130,CC,Untreated,7,21-12-6,21-12-13,0
23,B1,18130,CC,Untreated,8,21-12-13,21-12-20,3
23,B2,18130,CC,Untreated,8,21-12-13,21-12-20,1
23,B3,18130,CC,Untreated,8,21-12-13,21-12-20,0
23,B1,18130,CC,Untreated,9,21-12-20,21-1-6,3
23,B2,18130,CC,Untreated,9,21-12-20,21-1-6,1
23,B3,18130,CC,Untreated,9,21-12-20,21-1-6,0
23,B1,18130,CC,Untreated,10,21-1-6,22-1-17,2
23,B2,18130,CC,Untreated,10,21-1-6,22-1-17,0
23,B3,18130,CC,Untreated,10,21-1-6,22-1-17,2
23,B1,18130,CC,Untreated,11,22-1-17,22-2-1,0
23,B2,18130,CC,Untreated,11,22-1-17,22-2-1,0
23,B3,18130,CC,Untreated,11,22-1-17,22-2-1,0
23,B1,18130,CC,Untreated,12,22-2-1,22-2-15,0
23,B2,18130,CC,Untreated,12,22-2-1,22-2-15,0
23,B3,18130,CC,Untreated,12,22-2-1,22-2-15,0
23,B1,18130,CC,Untreated,13,22-2-15,22-3-1,0
23,B2,18130,CC,Untreated,13,22-2-15,22-3-1,0
23,B3,18130,CC,Untreated,13,22-2-15,22-3-1,0
23,B1,18130,CC,Untreated,14,22-3-1,22-3-15,3
23,B2,18130,CC,Untreated,14,22-3-1,22-3-15,0
23,B3,18130,CC,Untreated,14,22-3-1,22-3-15,0
23,B1,18130,CC,Untreated,15,22-3-15,22-3-29,0
23,B2,18130,CC,Untreated,15,22-3-15,22-3-29,0
23,B3,18130,CC,Untreated,15,22-3-15,22-3-29,0
23,B1,18130,CC,Untreated,16,22-3-29,22-4-12,1
23,B2,18130,CC,Untreated,16,22-3-29,22-4-12,1
23,B3,18130,CC,Untreated,16,22-3-29,22-4-12,1
23,B1,18130,CC,Untreated,17,22-4-12,22-4-26,3
23,B2,18130,CC,Untreated,17,22-4-12,22-4-26,1
23,B3,18130,CC,Untreated,17,22-4-12,22-4-26,2
23,B1,18130,CC,Untreated,18,22-4-26,22-5-10,3
23,B2,18130,CC,Untreated,18,22-4-26,22-5-10,3
23,B3,18130,CC,Untreated,18,22-4-26,22-5-10,3
23,B1,18130,CC,Untreated,19,22-5-10,22-5-24,3
23,B2,18130,CC,Untreated,19,22-5-10,22-5-24,2
23,B3,18130,CC,Untreated,19,22-5-10,22-5-24,2
23,B1,18130,CC,Untreated,20,22-5-24,22-6-7,1
23,B2,18130,CC,Untreated,20,22-5-24,22-6-7,3
23,B3,18130,CC,Untreated,20,22-5-24,22-6-7,3
23,B1,18130,CC,Untreated,21,22-6-7,22-6-21,3
23,B2,18130,CC,Untreated,21,22-6-7,22-6-21,3
23,B3,18130,CC,Untreated,21,22-6-7,22-6-21,1
23,B1,18130,CC,Untreated,22,22-7-6,22-8-1,3
23,B2,18130,CC,Untreated,22,22-7-6,22-8-1,0
23,B3,18130,CC,Untreated,22,22-7-6,22-8-1,0
23,B1,18130,CC,Untreated,23,22-8-1,22-8-24,3
23,B2,18130,CC,Untreated,23,22-8-1,22-8-24,0
23,B3,18130,CC,Untreated,23,22-8-1,22-8-24,0
24,B1,18041,CC,Treated,1,21-10-20,21-10-28,1
24,B2,18041,CC,Treated,1,21-10-20,21-10-28,0
24,B3,18041,CC,Treated,1,21-10-20,21-10-28,0
24,B1,18041,CC,Treated,2,21-10-28,21-11-5,0
24,B2,18041,CC,Treated,2,21-10-28,21-11-5,2
24,B3,18041,CC,Treated,2,21-10-28,21-11-5,0
24,B1,18041,CC,Treated,3,21-11-5,21-11-9,3
24,B2,18041,CC,Treated,3,21-11-5,21-11-9,1
24,B3,18041,CC,Treated,3,21-11-5,21-11-9,0
24,B1,18041,CC,Treated,4,21-11-9,21-11-18,0
24,B2,18041,CC,Treated,4,21-11-9,21-11-18,0
24,B3,18041,CC,Treated,4,21-11-9,21-11-18,0
24,B1,18041,CC,Treated,5,21-11-18,21-11-29,0
24,B2,18041,CC,Treated,5,21-11-18,21-11-29,0
24,B3,18041,CC,Treated,5,21-11-18,21-11-29,0
24,B1,18041,CC,Treated,6,21-11-29,21-12-6,0
24,B2,18041,CC,Treated,6,21-11-29,21-12-6,0
24,B3,18041,CC,Treated,6,21-11-29,21-12-6,0
24,B1,18041,CC,Treated,7,21-12-6,21-12-13,2
24,B2,18041,CC,Treated,7,21-12-6,21-12-13,0
24,B3,18041,CC,Treated,7,21-12-6,21-12-13,2
24,B1,18041,CC,Treated,8,21-12-13,21-12-20,3
24,B2,18041,CC,Treated,8,21-12-13,21-12-20,0
24,B3,18041,CC,Treated,8,21-12-13,21-12-20,3
24,B1,18041,CC,Treated,9,21-12-20,21-1-6,2
24,B2,18041,CC,Treated,9,21-12-20,21-1-6,1
24,B3,18041,CC,Treated,9,21-12-20,21-1-6,0
24,B1,18041,CC,Treated,10,21-1-6,22-1-17,1
24,B2,18041,CC,Treated,10,21-1-6,22-1-17,0
24,B3,18041,CC,Treated,10,21-1-6,22-1-17,2
24,B1,18041,CC,Treated,11,22-1-17,22-2-1,0
24,B2,18041,CC,Treated,11,22-1-17,22-2-1,0
24,B3,18041,CC,Treated,11,22-1-17,22-2-1,0
24,B1,18041,CC,Treated,12,22-2-1,22-2-15,0
24,B2,18041,CC,Treated,12,22-2-1,22-2-15,0
24,B3,18041,CC,Treated,12,22-2-1,22-2-15,0
24,B1,18041,CC,Treated,13,22-2-15,22-3-1,2
24,B2,18041,CC,Treated,13,22-2-15,22-3-1,1
24,B3,18041,CC,Treated,13,22-2-15,22-3-1,1
24,B1,18041,CC,Treated,14,22-3-1,22-3-15,1
24,B2,18041,CC,Treated,14,22-3-1,22-3-15,3
24,B3,18041,CC,Treated,14,22-3-1,22-3-15,0
24,B1,18041,CC,Treated,15,22-3-15,22-3-29,0
24,B2,18041,CC,Treated,15,22-3-15,22-3-29,0
24,B3,18041,CC,Treated,15,22-3-15,22-3-29,3
24,B1,18041,CC,Treated,16,22-3-29,22-4-12,1
24,B2,18041,CC,Treated,16,22-3-29,22-4-12,3
24,B3,18041,CC,Treated,16,22-3-29,22-4-12,1
24,B1,18041,CC,Treated,17,22-4-12,22-4-26,3
24,B2,18041,CC,Treated,17,22-4-12,22-4-26,3
24,B3,18041,CC,Treated,17,22-4-12,22-4-26,3
24,B1,18041,CC,Treated,18,22-4-26,22-5-10,3
24,B2,18041,CC,Treated,18,22-4-26,22-5-10,3
24,B3,18041,CC,Treated,18,22-4-26,22-5-10,3
24,B1,18041,CC,Treated,19,22-5-10,22-5-24,3
24,B2,18041,CC,Treated,19,22-5-10,22-5-24,3
24,B3,18041,CC,Treated,19,22-5-10,22-5-24,3
24,B1,18041,CC,Treated,20,22-5-24,22-6-7,3
24,B2,18041,CC,Treated,20,22-5-24,22-6-7,0
24,B3,18041,CC,Treated,20,22-5-24,22-6-7,3
24,B1,18041,CC,Treated,21,22-6-7,22-6-21,1
24,B2,18041,CC,Treated,21,22-6-7,22-6-21,3
24,B3,18041,CC,Treated,21,22-6-7,22-6-21,3
24,B1,18041,CC,Treated,22,22-7-6,22-8-1,0
24,B2,18041,CC,Treated,22,22-7-6,22-8-1,0
24,B3,18041,CC,Treated,22,22-7-6,22-8-1,3
24,B1,18041,CC,Treated,23,22-8-1,22-8-24,0
24,B2,18041,CC,Treated,23,22-8-1,22-8-24,0
24,B3,18041,CC,Treated,23,22-8-1,22-8-24,3
25,B1,18042,CC,Untreated,1,21-10-20,21-10-28,3
25,B2,18042,CC,Untreated,1,21-10-20,21-10-28,0
25,B3,18042,CC,Untreated,1,21-10-20,21-10-28,3
25,B1,18042,CC,Untreated,2,21-10-28,21-11-4,0
25,B2,18042,CC,Untreated,2,21-10-28,21-11-4,0
25,B3,18042,CC,Untreated,2,21-10-28,21-11-4,0
25,B1,18042,CC,Untreated,3,21-11-4,21-11-9,1
25,B2,18042,CC,Untreated,3,21-11-4,21-11-9,0
25,B3,18042,CC,Untreated,3,21-11-4,21-11-9,0
25,B1,18042,CC,Untreated,4,21-11-9,21-11-18,0
25,B2,18042,CC,Untreated,4,21-11-9,21-11-18,0
25,B3,18042,CC,Untreated,4,21-11-9,21-11-18,0
25,B1,18042,CC,Untreated,5,21-11-18,21-11-29,0
25,B2,18042,CC,Untreated,5,21-11-18,21-11-29,0
25,B3,18042,CC,Untreated,5,21-11-18,21-11-29,0
25,B1,18042,CC,Untreated,6,21-11-29,21-12-6,0
25,B2,18042,CC,Untreated,6,21-11-29,21-12-6,0
25,B3,18042,CC,Untreated,6,21-11-29,21-12-6,0
25,B1,18042,CC,Untreated,7,21-12-6,21-12-13,0
25,B2,18042,CC,Untreated,7,21-12-6,21-12-13,0
25,B3,18042,CC,Untreated,7,21-12-6,21-12-13,0
25,B1,18042,CC,Untreated,8,21-12-13,21-12-20,2
25,B2,18042,CC,Untreated,8,21-12-13,21-12-20,0
25,B3,18042,CC,Untreated,8,21-12-13,21-12-20,1
25,B1,18042,CC,Untreated,9,21-12-20,21-1-6,1
25,B2,18042,CC,Untreated,9,21-12-20,21-1-6,0
25,B3,18042,CC,Untreated,9,21-12-20,21-1-6,0
25,B1,18042,CC,Untreated,10,NA,NA,NA
25,B2,18042,CC,Untreated,10,NA,NA,NA
25,B3,18042,CC,Untreated,10,NA,NA,NA
25,B1,18042,CC,Untreated,11,NA,NA,NA
25,B2,18042,CC,Untreated,11,NA,NA,NA
25,B3,18042,CC,Untreated,11,NA,NA,NA
25,B1,18042,CC,Untreated,12,NA,NA,NA
25,B2,18042,CC,Untreated,12,NA,NA,NA
25,B3,18042,CC,Untreated,12,NA,NA,NA
25,B1,18042,CC,Untreated,13,NA,NA,NA
25,B2,18042,CC,Untreated,13,NA,NA,NA
25,B3,18042,CC,Untreated,13,NA,NA,NA
25,B1,18042,CC,Untreated,14,NA,NA,NA
25,B2,18042,CC,Untreated,14,NA,NA,NA
25,B3,18042,CC,Untreated,14,NA,NA,NA
25,B1,18042,CC,Untreated,15,NA,NA,NA
25,B2,18042,CC,Untreated,15,NA,NA,NA
25,B3,18042,CC,Untreated,15,NA,NA,NA
25,B1,18042,CC,Untreated,16,NA,NA,NA
25,B2,18042,CC,Untreated,16,NA,NA,NA
25,B3,18042,CC,Untreated,16,NA,NA,NA
25,B1,18042,CC,Untreated,17,NA,NA,NA
25,B2,18042,CC,Untreated,17,NA,NA,NA
25,B3,18042,CC,Untreated,17,NA,NA,NA
25,B1,18042,CC,Untreated,18,NA,NA,NA
25,B2,18042,CC,Untreated,18,NA,NA,NA
25,B3,18042,CC,Untreated,18,NA,NA,NA
25,B1,18042,CC,Untreated,19,NA,NA,NA
25,B2,18042,CC,Untreated,19,NA,NA,NA
25,B3,18042,CC,Untreated,19,NA,NA,NA
25,B1,18042,CC,Untreated,20,NA,NA,NA
25,B2,18042,CC,Untreated,20,NA,NA,NA
25,B3,18042,CC,Untreated,20,NA,NA,NA
25,B1,18042,CC,Untreated,21,NA,NA,NA
25,B2,18042,CC,Untreated,21,NA,NA,NA
25,B3,18042,CC,Untreated,21,NA,NA,NA
25,B1,18042,CC,Untreated,22,NA,NA,NA
25,B2,18042,CC,Untreated,22,NA,NA,NA
25,B3,18042,CC,Untreated,22,NA,NA,NA
25,B1,18042,CC,Untreated,23,NA,NA,NA
25,B2,18042,CC,Untreated,23,NA,NA,NA
25,B3,18042,CC,Untreated,23,NA,NA,NA
26,B1,18036,CC,Treated,1,21-10-20,21-10-28,0
26,B2,18036,CC,Treated,1,21-10-20,21-10-28,0
26,B3,18036,CC,Treated,1,21-10-20,21-10-28,3
26,B1,18036,CC,Treated,2,21-10-28,21-11-4,0
26,B2,18036,CC,Treated,2,21-10-28,21-11-4,0
26,B3,18036,CC,Treated,2,21-10-28,21-11-4,1
26,B1,18036,CC,Treated,3,21-11-4,21-11-9,1
26,B2,18036,CC,Treated,3,21-11-4,21-11-9,0
26,B3,18036,CC,Treated,3,21-11-4,21-11-9,1
26,B1,18036,CC,Treated,4,21-11-9,21-11-18,0
26,B2,18036,CC,Treated,4,21-11-9,21-11-18,0
26,B3,18036,CC,Treated,4,21-11-9,21-11-18,0
26,B1,18036,CC,Treated,5,21-11-18,21-11-29,0
26,B2,18036,CC,Treated,5,21-11-18,21-11-29,0
26,B3,18036,CC,Treated,5,21-11-18,21-11-29,0
26,B1,18036,CC,Treated,6,21-11-29,21-12-6,0
26,B2,18036,CC,Treated,6,21-11-29,21-12-6,0
26,B3,18036,CC,Treated,6,21-11-29,21-12-6,0
26,B1,18036,CC,Treated,7,21-12-6,21-12-13,0
26,B2,18036,CC,Treated,7,21-12-6,21-12-13,0
26,B3,18036,CC,Treated,7,21-12-6,21-12-13,0
26,B1,18036,CC,Treated,8,21-12-13,21-12-20,0
26,B2,18036,CC,Treated,8,21-12-13,21-12-20,0
26,B3,18036,CC,Treated,8,21-12-13,21-12-20,3
26,B1,18036,CC,Treated,9,21-12-20,21-1-6,0
26,B2,18036,CC,Treated,9,21-12-20,21-1-6,0
26,B3,18036,CC,Treated,9,21-12-20,21-1-6,2
26,B1,18036,CC,Treated,10,21-1-6,22-1-17,0
26,B2,18036,CC,Treated,10,21-1-6,22-1-17,0
26,B3,18036,CC,Treated,10,21-1-6,22-1-17,3
26,B1,18036,CC,Treated,11,22-1-17,22-2-1,0
26,B2,18036,CC,Treated,11,22-1-17,22-2-1,0
26,B3,18036,CC,Treated,11,22-1-17,22-2-1,0
26,B1,18036,CC,Treated,12,22-2-1,22-2-15,0
26,B2,18036,CC,Treated,12,22-2-1,22-2-15,0
26,B3,18036,CC,Treated,12,22-2-1,22-2-15,0
26,B1,18036,CC,Treated,13,22-2-15,22-3-1,0
26,B2,18036,CC,Treated,13,22-2-15,22-3-1,0
26,B3,18036,CC,Treated,13,22-2-15,22-3-1,0
26,B1,18036,CC,Treated,14,22-3-1,22-3-15,0
26,B2,18036,CC,Treated,14,22-3-1,22-3-15,0
26,B3,18036,CC,Treated,14,22-3-1,22-3-15,1
26,B1,18036,CC,Treated,15,22-3-15,22-3-29,0
26,B2,18036,CC,Treated,15,22-3-15,22-3-29,0
26,B3,18036,CC,Treated,15,22-3-15,22-3-29,0
26,B1,18036,CC,Treated,16,22-3-29,22-4-12,0
26,B2,18036,CC,Treated,16,22-3-29,22-4-12,0
26,B3,18036,CC,Treated,16,22-3-29,22-4-12,0
26,B1,18036,CC,Treated,17,22-4-12,22-4-26,0
26,B2,18036,CC,Treated,17,22-4-12,22-4-26,0
26,B3,18036,CC,Treated,17,22-4-12,22-4-26,3
26,B1,18036,CC,Treated,18,22-4-26,22-5-10,0
26,B2,18036,CC,Treated,18,22-4-26,22-5-10,0
26,B3,18036,CC,Treated,18,22-4-26,22-5-10,1
26,B1,18036,CC,Treated,19,22-5-10,22-5-24,0
26,B2,18036,CC,Treated,19,22-5-10,22-5-24,0
26,B3,18036,CC,Treated,19,22-5-10,22-5-24,0
26,B1,18036,CC,Treated,20,22-5-24,22-6-7,0
26,B2,18036,CC,Treated,20,22-5-24,22-6-7,0
26,B3,18036,CC,Treated,20,22-5-24,22-6-7,0
26,B1,18036,CC,Treated,21,22-6-7,22-6-21,0
26,B2,18036,CC,Treated,21,22-6-7,22-6-21,0
26,B3,18036,CC,Treated,21,22-6-7,22-6-21,0
26,B1,18036,CC,Treated,22,22-7-6,22-8-1,0
26,B2,18036,CC,Treated,22,22-7-6,22-8-1,0
26,B3,18036,CC,Treated,22,22-7-6,22-8-1,0
26,B1,18036,CC,Treated,23,22-8-1,22-8-24,0
26,B2,18036,CC,Treated,23,22-8-1,22-8-24,0
26,B3,18036,CC,Treated,23,22-8-1,22-8-24,0
27,B1,18035,CC,Untreated,1,21-10-20,21-10-27,0
27,B2,18035,CC,Untreated,1,21-10-20,21-10-27,0
27,B3,18035,CC,Untreated,1,21-10-20,21-10-27,0
27,B1,18035,CC,Untreated,2,21-10-27,21-11-4,0
27,B2,18035,CC,Untreated,2,21-10-27,21-11-4,0
27,B3,18035,CC,Untreated,2,21-10-27,21-11-4,0
27,B1,18035,CC,Untreated,3,21-11-4,21-11-9,0
27,B2,18035,CC,Untreated,3,21-11-4,21-11-9,0
27,B3,18035,CC,Untreated,3,21-11-4,21-11-9,0
27,B1,18035,CC,Untreated,4,21-11-9,21-11-17,0
27,B2,18035,CC,Untreated,4,21-11-9,21-11-17,0
27,B3,18035,CC,Untreated,4,21-11-9,21-11-17,0
27,B1,18035,CC,Untreated,5,21-11-17,21-11-29,0
27,B2,18035,CC,Untreated,5,21-11-17,21-11-29,0
27,B3,18035,CC,Untreated,5,21-11-17,21-11-29,0
27,B1,18035,CC,Untreated,6,21-11-29,21-12-6,0
27,B2,18035,CC,Untreated,6,21-11-29,21-12-6,0
27,B3,18035,CC,Untreated,6,21-11-29,21-12-6,0
27,B1,18035,CC,Untreated,7,21-12-6,21-12-13,0
27,B2,18035,CC,Untreated,7,21-12-6,21-12-13,0
27,B3,18035,CC,Untreated,7,21-12-6,21-12-13,1
27,B1,18035,CC,Untreated,8,21-12-13,21-12-20,0
27,B2,18035,CC,Untreated,8,21-12-13,21-12-20,0
27,B3,18035,CC,Untreated,8,21-12-13,21-12-20,0
27,B1,18035,CC,Untreated,9,21-12-20,21-1-6,0
27,B2,18035,CC,Untreated,9,21-12-20,21-1-6,0
27,B3,18035,CC,Untreated,9,21-12-20,21-1-6,1
27,B1,18035,CC,Untreated,10,21-1-6,22-1-17,0
27,B2,18035,CC,Untreated,10,21-1-6,22-1-17,0
27,B3,18035,CC,Untreated,10,21-1-6,22-1-17,0
27,B1,18035,CC,Untreated,11,22-1-17,22-2-1,0
27,B2,18035,CC,Untreated,11,22-1-17,22-2-1,0
27,B3,18035,CC,Untreated,11,22-1-17,22-2-1,0
27,B1,18035,CC,Untreated,12,22-2-1,22-2-15,0
27,B2,18035,CC,Untreated,12,22-2-1,22-2-15,0
27,B3,18035,CC,Untreated,12,22-2-1,22-2-15,0
27,B1,18035,CC,Untreated,13,22-2-15,22-3-1,0
27,B2,18035,CC,Untreated,13,22-2-15,22-3-1,0
27,B3,18035,CC,Untreated,13,22-2-15,22-3-1,0
27,B1,18035,CC,Untreated,14,22-3-1,22-3-15,0
27,B2,18035,CC,Untreated,14,22-3-1,22-3-15,0
27,B3,18035,CC,Untreated,14,22-3-1,22-3-15,0
27,B1,18035,CC,Untreated,15,22-3-15,22-3-29,0
27,B2,18035,CC,Untreated,15,22-3-15,22-3-29,0
27,B3,18035,CC,Untreated,15,22-3-15,22-3-29,0
27,B1,18035,CC,Untreated,16,22-3-29,22-4-12,0
27,B2,18035,CC,Untreated,16,22-3-29,22-4-12,0
27,B3,18035,CC,Untreated,16,22-3-29,22-4-12,0
27,B1,18035,CC,Untreated,17,22-4-12,22-4-26,0
27,B2,18035,CC,Untreated,17,22-4-12,22-4-26,0
27,B3,18035,CC,Untreated,17,22-4-12,22-4-26,0
27,B1,18035,CC,Untreated,18,22-4-26,22-5-10,0
27,B2,18035,CC,Untreated,18,22-4-26,22-5-10,0
27,B3,18035,CC,Untreated,18,22-4-26,22-5-10,0
27,B1,18035,CC,Untreated,19,22-5-10,22-5-24,0
27,B2,18035,CC,Untreated,19,22-5-10,22-5-24,0
27,B3,18035,CC,Untreated,19,22-5-10,22-5-24,0
27,B1,18035,CC,Untreated,20,22-5-24,22-6-7,0
27,B2,18035,CC,Untreated,20,22-5-24,22-6-7,0
27,B3,18035,CC,Untreated,20,22-5-24,22-6-7,0
27,B1,18035,CC,Untreated,21,22-6-7,22-6-21,0
27,B2,18035,CC,Untreated,21,22-6-7,22-6-21,0
27,B3,18035,CC,Untreated,21,22-6-7,22-6-21,1
27,B1,18035,CC,Untreated,22,22-7-6,22-8-1,0
27,B2,18035,CC,Untreated,22,22-7-6,22-8-1,0
27,B3,18035,CC,Untreated,22,22-7-6,22-8-1,0
27,B1,18035,CC,Untreated,23,22-8-1,22-8-24,0
27,B2,18035,CC,Untreated,23,22-8-1,22-8-24,0
27,B3,18035,CC,Untreated,23,22-8-1,22-8-24,0
28,B1,18038,CC,Treated,1,21-10-20,21-10-27,0
28,B2,18038,CC,Treated,1,21-10-20,21-10-27,0
28,B3,18038,CC,Treated,1,21-10-20,21-10-27,2
28,B1,18038,CC,Treated,2,21-10-27,21-11-4,0
28,B2,18038,CC,Treated,2,21-10-27,21-11-4,0
28,B3,18038,CC,Treated,2,21-10-27,21-11-4,0
28,B1,18038,CC,Treated,3,21-11-4,21-11-9,0
28,B2,18038,CC,Treated,3,21-11-4,21-11-9,0
28,B3,18038,CC,Treated,3,21-11-4,21-11-9,0
28,B1,18038,CC,Treated,4,21-11-9,21-11-17,0
28,B2,18038,CC,Treated,4,21-11-9,21-11-17,0
28,B3,18038,CC,Treated,4,21-11-9,21-11-17,0
28,B1,18038,CC,Treated,5,21-11-17,21-11-29,0
28,B2,18038,CC,Treated,5,21-11-17,21-11-29,0
28,B3,18038,CC,Treated,5,21-11-17,21-11-29,0
28,B1,18038,CC,Treated,6,21-11-29,21-12-6,0
28,B2,18038,CC,Treated,6,21-11-29,21-12-6,0
28,B3,18038,CC,Treated,6,21-11-29,21-12-6,0
28,B1,18038,CC,Treated,7,21-12-6,21-12-13,0
28,B2,18038,CC,Treated,7,21-12-6,21-12-13,0
28,B3,18038,CC,Treated,7,21-12-6,21-12-13,1
28,B1,18038,CC,Treated,8,21-12-13,21-12-20,0
28,B2,18038,CC,Treated,8,21-12-13,21-12-20,0
28,B3,18038,CC,Treated,8,21-12-13,21-12-20,1
28,B1,18038,CC,Treated,9,21-12-20,21-1-6,0
28,B2,18038,CC,Treated,9,21-12-20,21-1-6,0
28,B3,18038,CC,Treated,9,21-12-20,21-1-6,0
28,B1,18038,CC,Treated,10,21-1-6,22-1-17,0
28,B2,18038,CC,Treated,10,21-1-6,22-1-17,0
28,B3,18038,CC,Treated,10,21-1-6,22-1-17,0
28,B1,18038,CC,Treated,11,22-1-17,22-2-1,0
28,B2,18038,CC,Treated,11,22-1-17,22-2-1,0
28,B3,18038,CC,Treated,11,22-1-17,22-2-1,0
28,B1,18038,CC,Treated,12,22-2-1,22-2-15,0
28,B2,18038,CC,Treated,12,22-2-1,22-2-15,0
28,B3,18038,CC,Treated,12,22-2-1,22-2-15,0
28,B1,18038,CC,Treated,13,22-2-15,22-3-1,0
28,B2,18038,CC,Treated,13,22-2-15,22-3-1,0
28,B3,18038,CC,Treated,13,22-2-15,22-3-1,0
28,B1,18038,CC,Treated,14,22-3-1,22-3-15,0
28,B2,18038,CC,Treated,14,22-3-1,22-3-15,0
28,B3,18038,CC,Treated,14,22-3-1,22-3-15,0
28,B1,18038,CC,Treated,15,22-3-15,22-3-29,0
28,B2,18038,CC,Treated,15,22-3-15,22-3-29,0
28,B3,18038,CC,Treated,15,22-3-15,22-3-29,0
28,B1,18038,CC,Treated,16,22-3-29,22-4-12,0
28,B2,18038,CC,Treated,16,22-3-29,22-4-12,0
28,B3,18038,CC,Treated,16,22-3-29,22-4-12,1
28,B1,18038,CC,Treated,17,22-4-12,22-4-26,0
28,B2,18038,CC,Treated,17,22-4-12,22-4-26,0
28,B3,18038,CC,Treated,17,22-4-12,22-4-26,0
28,B1,18038,CC,Treated,18,22-4-26,22-5-10,0
28,B2,18038,CC,Treated,18,22-4-26,22-5-10,0
28,B3,18038,CC,Treated,18,22-4-26,22-5-10,0
28,B1,18038,CC,Treated,19,22-5-10,22-5-24,0
28,B2,18038,CC,Treated,19,22-5-10,22-5-24,0
28,B3,18038,CC,Treated,19,22-5-10,22-5-24,0
28,B1,18038,CC,Treated,20,22-5-24,22-6-7,0
28,B2,18038,CC,Treated,20,22-5-24,22-6-7,0
28,B3,18038,CC,Treated,20,22-5-24,22-6-7,0
28,B1,18038,CC,Treated,21,22-6-7,22-6-21,0
28,B2,18038,CC,Treated,21,22-6-7,22-6-21,0
28,B3,18038,CC,Treated,21,22-6-7,22-6-21,0
28,B1,18038,CC,Treated,22,22-7-6,22-8-1,0
28,B2,18038,CC,Treated,22,22-7-6,22-8-1,0
28,B3,18038,CC,Treated,22,22-7-6,22-8-1,0
28,B1,18038,CC,Treated,23,22-8-1,22-8-24,0
28,B2,18038,CC,Treated,23,22-8-1,22-8-24,0
28,B3,18038,CC,Treated,23,22-8-1,22-8-24,0
29,B1,18127,CC,Untreated,1,21-10-20,21-10-27,0
29,B2,18127,CC,Untreated,1,21-10-20,21-10-27,0
29,B3,18127,CC,Untreated,1,21-10-20,21-10-27,0
29,B1,18127,CC,Untreated,2,21-10-27,21-11-4,0
29,B2,18127,CC,Untreated,2,21-10-27,21-11-4,0
29,B3,18127,CC,Untreated,2,21-10-27,21-11-4,0
29,B1,18127,CC,Untreated,3,21-11-4,21-11-9,0
29,B2,18127,CC,Untreated,3,21-11-4,21-11-9,0
29,B3,18127,CC,Untreated,3,21-11-4,21-11-9,0
29,B1,18127,CC,Untreated,4,21-11-9,21-11-16,0
29,B2,18127,CC,Untreated,4,21-11-9,21-11-16,0
29,B3,18127,CC,Untreated,4,21-11-9,21-11-16,0
29,B1,18127,CC,Untreated,5,21-11-16,21-11-29,0
29,B2,18127,CC,Untreated,5,21-11-16,21-11-29,0
29,B3,18127,CC,Untreated,5,21-11-16,21-11-29,0
29,B1,18127,CC,Untreated,6,21-11-29,21-12-6,0
29,B2,18127,CC,Untreated,6,21-11-29,21-12-6,0
29,B3,18127,CC,Untreated,6,21-11-29,21-12-6,0
29,B1,18127,CC,Untreated,7,21-12-6,21-12-13,0
29,B2,18127,CC,Untreated,7,21-12-6,21-12-13,0
29,B3,18127,CC,Untreated,7,21-12-6,21-12-13,0
29,B1,18127,CC,Untreated,8,21-12-13,21-12-20,0
29,B2,18127,CC,Untreated,8,21-12-13,21-12-20,0
29,B3,18127,CC,Untreated,8,21-12-13,21-12-20,0
29,B1,18127,CC,Untreated,9,21-12-20,21-1-6,0
29,B2,18127,CC,Untreated,9,21-12-20,21-1-6,0
29,B3,18127,CC,Untreated,9,21-12-20,21-1-6,0
29,B1,18127,CC,Untreated,10,21-1-6,22-1-17,0
29,B2,18127,CC,Untreated,10,21-1-6,22-1-17,0
29,B3,18127,CC,Untreated,10,21-1-6,22-1-17,0
29,B1,18127,CC,Untreated,11,22-1-17,22-2-1,0
29,B2,18127,CC,Untreated,11,22-1-17,22-2-1,0
29,B3,18127,CC,Untreated,11,22-1-17,22-2-1,0
29,B1,18127,CC,Untreated,12,22-2-1,22-2-15,0
29,B2,18127,CC,Untreated,12,22-2-1,22-2-15,0
29,B3,18127,CC,Untreated,12,22-2-1,22-2-15,0
29,B1,18127,CC,Untreated,13,22-2-15,22-3-1,0
29,B2,18127,CC,Untreated,13,22-2-15,22-3-1,0
29,B3,18127,CC,Untreated,13,22-2-15,22-3-1,0
29,B1,18127,CC,Untreated,14,22-3-1,22-3-15,0
29,B2,18127,CC,Untreated,14,22-3-1,22-3-15,0
29,B3,18127,CC,Untreated,14,22-3-1,22-3-15,0
29,B1,18127,CC,Untreated,15,22-3-15,22-3-29,0
29,B2,18127,CC,Untreated,15,22-3-15,22-3-29,0
29,B3,18127,CC,Untreated,15,22-3-15,22-3-29,0
29,B1,18127,CC,Untreated,16,22-3-29,22-4-12,0
29,B2,18127,CC,Untreated,16,22-3-29,22-4-12,0
29,B3,18127,CC,Untreated,16,22-3-29,22-4-12,0
29,B1,18127,CC,Untreated,17,22-4-12,22-4-26,0
29,B2,18127,CC,Untreated,17,22-4-12,22-4-26,0
29,B3,18127,CC,Untreated,17,22-4-12,22-4-26,0
29,B1,18127,CC,Untreated,18,22-4-26,22-5-10,0
29,B2,18127,CC,Untreated,18,22-4-26,22-5-10,0
29,B3,18127,CC,Untreated,18,22-4-26,22-5-10,0
29,B1,18127,CC,Untreated,19,22-5-10,22-5-24,0
29,B2,18127,CC,Untreated,19,22-5-10,22-5-24,0
29,B3,18127,CC,Untreated,19,22-5-10,22-5-24,0
29,B1,18127,CC,Untreated,20,22-5-24,22-6-7,0
29,B2,18127,CC,Untreated,20,22-5-24,22-6-7,0
29,B3,18127,CC,Untreated,20,22-5-24,22-6-7,0
29,B1,18127,CC,Untreated,21,22-6-7,22-6-21,0
29,B2,18127,CC,Untreated,21,22-6-7,22-6-21,0
29,B3,18127,CC,Untreated,21,22-6-7,22-6-21,0
29,B1,18127,CC,Untreated,22,22-7-6,22-8-1,0
29,B2,18127,CC,Untreated,22,22-7-6,22-8-1,0
29,B3,18127,CC,Untreated,22,22-7-6,22-8-1,0
29,B1,18127,CC,Untreated,23,22-8-1,22-8-24,0
29,B2,18127,CC,Untreated,23,22-8-1,22-8-24,0
29,B3,18127,CC,Untreated,23,22-8-1,22-8-24,0
30,B1,18124,CC,Treated,1,21-10-20,21-10-27,1
30,B2,18124,CC,Treated,1,21-10-20,21-10-27,0
30,B3,18124,CC,Treated,1,21-10-20,21-10-27,0
30,B1,18124,CC,Treated,2,21-10-27,21-11-4,0
30,B2,18124,CC,Treated,2,21-10-27,21-11-4,0
30,B3,18124,CC,Treated,2,21-10-27,21-11-4,0
30,B1,18124,CC,Treated,3,21-11-4,21-11-9,0
30,B2,18124,CC,Treated,3,21-11-4,21-11-9,0
30,B3,18124,CC,Treated,3,21-11-4,21-11-9,0
30,B1,18124,CC,Treated,4,21-11-9,21-11-16,0
30,B2,18124,CC,Treated,4,21-11-9,21-11-16,0
30,B3,18124,CC,Treated,4,21-11-9,21-11-16,0
30,B1,18124,CC,Treated,5,21-11-16,21-11-29,0
30,B2,18124,CC,Treated,5,21-11-16,21-11-29,0
30,B3,18124,CC,Treated,5,21-11-16,21-11-29,0
30,B1,18124,CC,Treated,6,21-11-29,21-12-6,0
30,B2,18124,CC,Treated,6,21-11-29,21-12-6,0
30,B3,18124,CC,Treated,6,21-11-29,21-12-6,0
30,B1,18124,CC,Treated,7,21-12-6,21-12-13,0
30,B2,18124,CC,Treated,7,21-12-6,21-12-13,0
30,B3,18124,CC,Treated,7,21-12-6,21-12-13,0
30,B1,18124,CC,Treated,8,21-12-13,21-12-20,0
30,B2,18124,CC,Treated,8,21-12-13,21-12-20,0
30,B3,18124,CC,Treated,8,21-12-13,21-12-20,0
30,B1,18124,CC,Treated,9,21-12-20,21-1-6,0
30,B2,18124,CC,Treated,9,21-12-20,21-1-6,0
30,B3,18124,CC,Treated,9,21-12-20,21-1-6,0
30,B1,18124,CC,Treated,10,21-1-6,22-1-17,0
30,B2,18124,CC,Treated,10,21-1-6,22-1-17,0
30,B3,18124,CC,Treated,10,21-1-6,22-1-17,0
30,B1,18124,CC,Treated,11,22-1-17,22-2-1,0
30,B2,18124,CC,Treated,11,22-1-17,22-2-1,0
30,B3,18124,CC,Treated,11,22-1-17,22-2-1,0
30,B1,18124,CC,Treated,12,22-2-1,22-2-15,0
30,B2,18124,CC,Treated,12,22-2-1,22-2-15,0
30,B3,18124,CC,Treated,12,22-2-1,22-2-15,0
30,B1,18124,CC,Treated,13,22-2-15,22-3-1,0
30,B2,18124,CC,Treated,13,22-2-15,22-3-1,0
30,B3,18124,CC,Treated,13,22-2-15,22-3-1,0
30,B1,18124,CC,Treated,14,22-3-1,22-3-15,0
30,B2,18124,CC,Treated,14,22-3-1,22-3-15,0
30,B3,18124,CC,Treated,14,22-3-1,22-3-15,0
30,B1,18124,CC,Treated,15,22-3-15,22-3-29,0
30,B2,18124,CC,Treated,15,22-3-15,22-3-29,0
30,B3,18124,CC,Treated,15,22-3-15,22-3-29,0
30,B1,18124,CC,Treated,16,22-3-29,22-4-12,0
30,B2,18124,CC,Treated,16,22-3-29,22-4-12,0
30,B3,18124,CC,Treated,16,22-3-29,22-4-12,0
30,B1,18124,CC,Treated,17,22-4-12,22-4-26,0
30,B2,18124,CC,Treated,17,22-4-12,22-4-26,0
30,B3,18124,CC,Treated,17,22-4-12,22-4-26,0
30,B1,18124,CC,Treated,18,22-4-26,22-5-10,0
30,B2,18124,CC,Treated,18,22-4-26,22-5-10,0
30,B3,18124,CC,Treated,18,22-4-26,22-5-10,0
30,B1,18124,CC,Treated,19,22-5-10,22-5-24,0
30,B2,18124,CC,Treated,19,22-5-10,22-5-24,0
30,B3,18124,CC,Treated,19,22-5-10,22-5-24,NA
30,B1,18124,CC,Treated,20,22-5-24,22-6-7,0
30,B2,18124,CC,Treated,20,22-5-24,22-6-7,0
30,B3,18124,CC,Treated,20,22-5-24,22-6-7,0
30,B1,18124,CC,Treated,21,22-6-7,22-6-21,0
30,B2,18124,CC,Treated,21,22-6-7,22-6-21,0
30,B3,18124,CC,Treated,21,22-6-7,22-6-21,0
30,B1,18124,CC,Treated,22,22-7-6,22-8-1,0
30,B2,18124,CC,Treated,22,22-7-6,22-8-1,0
30,B3,18124,CC,Treated,22,22-7-6,22-8-1,0
30,B1,18124,CC,Treated,23,22-8-1,22-8-24,0
30,B2,18124,CC,Treated,23,22-8-1,22-8-24,0
30,B3,18124,CC,Treated,23,22-8-1,22-8-24,0